FIPS Code,County Name,"% Estimated Hesitant or Unsure - May 26 - June 7, 2021","% Estimated Hesitant-  May 26 - June 7, 2021","% Estimated Strongly Hesitant-  May 26 - June 7, 2021"
01001,Autauga AL,22%,17%,13%
01003,Baldwin AL,20%,15%,12%
01005,Barbour AL,23%,17%,13%
01007,Bibb AL,25%,18%,14%
01009,Blount AL,24%,19%,14%
01011,Bullock AL,23%,17%,13%
01013,Butler AL,23%,18%,13%
01015,Calhoun AL,24%,18%,14%
01017,Chambers AL,24%,18%,14%
01019,Cherokee AL,24%,18%,14%
01021,Chilton AL,24%,18%,14%
01023,Choctaw AL,24%,17%,13%
01025,Clarke AL,24%,17%,13%
01027,Clay AL,24%,18%,14%
01029,Cleburne AL,24%,18%,14%
01031,Coffee AL,23%,18%,13%
01033,Colbert AL,23%,17%,13%
01035,Conecuh AL,24%,17%,13%
01037,Coosa AL,24%,18%,14%
01039,Covington AL,23%,18%,13%
01041,Crenshaw AL,23%,18%,13%
01043,Cullman AL,23%,18%,14%
01045,Dale AL,24%,18%,13%
01047,Dallas AL,25%,18%,14%
01049,DeKalb AL,25%,19%,15%
01051,Elmore AL,22%,17%,13%
01053,Escambia AL,24%,17%,13%
01055,Etowah AL,24%,18%,14%
01057,Fayette AL,24%,19%,14%
01059,Franklin AL,23%,17%,13%
01061,Geneva AL,24%,18%,13%
01063,Greene AL,25%,18%,14%
01065,Hale AL,25%,18%,14%
01067,Henry AL,24%,18%,13%
01069,Houston AL,24%,18%,13%
01071,Jackson AL,25%,19%,15%
01073,Jefferson AL,20%,15%,11%
01075,Lamar AL,24%,19%,14%
01077,Lauderdale AL,23%,17%,13%
01079,Lawrence AL,22%,17%,13%
01081,Lee AL,19%,14%,11%
01083,Limestone AL,20%,16%,12%
01085,Lowndes AL,22%,17%,13%
01087,Macon AL,23%,17%,13%
01089,Madison AL,19%,14%,11%
01091,Marengo AL,25%,18%,14%
01093,Marion AL,24%,18%,14%
01095,Marshall AL,21%,16%,12%
01097,Mobile AL,23%,17%,13%
01099,Monroe AL,24%,17%,13%
01101,Montgomery AL,21%,15%,11%
01103,Morgan AL,22%,17%,13%
01105,Perry AL,25%,18%,14%
01107,Pickens AL,22%,17%,13%
01109,Pike AL,23%,17%,13%
01111,Randolph AL,24%,18%,14%
01113,Russell AL,23%,17%,13%
01115,St. Clair AL,24%,19%,14%
01117,Shelby AL,18%,14%,11%
01119,Sumter AL,25%,18%,14%
01121,Talladega AL,24%,18%,14%
01123,Tallapoosa AL,24%,18%,14%
01125,Tuscaloosa AL,22%,16%,12%
01127,Walker AL,24%,19%,14%
01129,Washington AL,24%,17%,13%
01131,Wilcox AL,24%,17%,13%
01133,Winston AL,23%,18%,14%
02013,Aleutians East Borough AK,29%,24%,17%
02016,Aleutians West Census Area AK,29%,24%,17%
02020,Anchorage Borough AK,20%,16%,12%
02050,Bethel Census Area AK,29%,24%,17%
02060,Bristol Bay Borough AK,29%,24%,17%
02068,Denali Borough AK,23%,19%,14%
02070,Dillingham Census Area AK,29%,24%,17%
02090,Fairbanks North Star Borough AK,23%,19%,14%
02100,Haines Borough AK,23%,19%,14%
02105,Hoonah-Angoon Census Area,29%,24%,17%
02110,Juneau Borough AK,23%,19%,14%
02122,Kenai Peninsula Borough AK,22%,19%,14%
02130,Ketchikan Gateway Borough AK,23%,19%,14%
02150,Kodiak Island Borough AK,29%,24%,17%
02164,Lake and Peninsula Borough AK,29%,24%,17%
02170,Matanuska-Susitna Borough AK,22%,19%,14%
02180,Nome Census Area AK,29%,24%,17%
02185,North Slope Borough AK,29%,24%,17%
02188,Northwest Arctic Borough AK,29%,24%,17%
02195,Petersburg Census Area,29%,24%,17%
02198,Prince of Wales-Hyder Census Area,29%,24%,17%
02220,Sitka Borough AK,29%,24%,17%
02230,Skagway Municipality,23%,19%,14%
02240,Southeast Fairbanks Census Area AK,23%,19%,14%
02261,Valdez-Cordova Census Area AK,23%,19%,14%
02270,Wade Hampton Census Area AK (D),29%,24%,17%
02275,Wrangell City and Borough,29%,24%,17%
02282,Yakutat Borough,29%,24%,17%
02290,Yukon-Koyukuk Census Area AK,29%,24%,17%
04001,Apache AZ,32%,21%,16%
04003,Cochise AZ,22%,14%,11%
04005,Coconino AZ,25%,16%,12%
04007,Gila AZ,24%,16%,13%
04009,Graham AZ,24%,16%,13%
04011,Greenlee AZ,24%,16%,13%
04012,La Paz AZ,23%,15%,12%
04013,Maricopa AZ,21%,14%,10%
04015,Mohave AZ,23%,15%,12%
04017,Navajo AZ,32%,21%,16%
04019,Pima AZ,21%,14%,10%
04021,Pinal AZ,24%,16%,13%
04023,Santa Cruz AZ,22%,14%,11%
04025,Yavapai AZ,20%,14%,11%
04027,Yuma AZ,24%,15%,11%
05001,Arkansas AR,26%,21%,14%
05003,Ashley AR,28%,22%,15%
05005,Baxter AR,24%,20%,13%
05007,Benton AR,22%,18%,12%
05009,Boone AR,24%,20%,13%
05011,Bradley AR,28%,22%,15%
05013,Calhoun AR,25%,20%,13%
05015,Carroll AR,24%,20%,13%
05017,Chicot AR,28%,22%,15%
05019,Clark AR,25%,20%,13%
05021,Clay AR,26%,21%,14%
05023,Cleburne AR,27%,22%,15%
05025,Cleveland AR,28%,22%,15%
05027,Columbia AR,25%,20%,13%
05029,Conway AR,26%,21%,14%
05031,Craighead AR,26%,21%,14%
05033,Crawford AR,25%,21%,13%
05035,Crittenden AR,27%,22%,14%
05037,Cross AR,29%,23%,15%
05039,Dallas AR,25%,20%,13%
05041,Desha AR,28%,22%,15%
05043,Drew AR,28%,22%,15%
05045,Faulkner AR,26%,21%,14%
05047,Franklin AR,27%,22%,14%
05049,Fulton AR,27%,22%,15%
05051,Garland AR,25%,20%,13%
05053,Grant AR,26%,20%,13%
05055,Greene AR,26%,21%,14%
05057,Hempstead AR,26%,21%,14%
05059,Hot Spring AR,25%,20%,13%
05061,Howard AR,27%,22%,14%
05063,Independence AR,27%,22%,15%
05065,Izard AR,27%,22%,15%
05067,Jackson AR,28%,23%,15%
05069,Jefferson AR,26%,20%,13%
05071,Johnson AR,26%,21%,14%
05073,Lafayette AR,26%,21%,14%
05075,Lawrence AR,26%,21%,14%
05077,Lee AR,29%,23%,15%
05079,Lincoln AR,28%,22%,15%
05081,Little River AR,26%,21%,14%
05083,Logan AR,27%,22%,14%
05085,Lonoke AR,26%,21%,14%
05087,Madison AR,24%,20%,13%
05089,Marion AR,24%,20%,13%
05091,Miller AR,26%,21%,14%
05093,Mississippi AR,27%,22%,14%
05095,Monroe AR,29%,23%,15%
05097,Montgomery AR,25%,20%,13%
05099,Nevada AR,26%,21%,14%
05101,Newton AR,24%,20%,13%
05103,Ouachita AR,25%,20%,13%
05105,Perry AR,26%,21%,14%
05107,Phillips AR,29%,23%,15%
05109,Pike AR,26%,21%,14%
05111,Poinsett AR,29%,23%,15%
05113,Polk AR,27%,22%,14%
05115,Pope AR,26%,21%,14%
05117,Prairie AR,28%,23%,15%
05119,Pulaski AR,23%,18%,11%
05121,Randolph AR,26%,21%,14%
05123,St. Francis AR,29%,23%,15%
05125,Saline AR,24%,20%,13%
05127,Scott AR,27%,22%,14%
05129,Searcy AR,24%,20%,13%
05131,Sebastian AR,25%,21%,13%
05133,Sevier AR,27%,22%,14%
05135,Sharp AR,27%,22%,15%
05137,Stone AR,27%,22%,15%
05139,Union AR,25%,20%,13%
05141,Van Buren AR,27%,22%,15%
05143,Washington AR,25%,20%,13%
05145,White AR,28%,23%,15%
05147,Woodruff AR,28%,23%,15%
05149,Yell AR,26%,21%,14%
06001,Alameda CA,7%,5%,2%
06003,Alpine CA,11%,8%,4%
06005,Amador CA,11%,8%,4%
06007,Butte CA,12%,8%,4%
06009,Calaveras CA,11%,8%,4%
06011,Colusa CA,13%,8%,4%
06013,Contra Costa CA,8%,5%,3%
06015,Del Norte CA,14%,9%,5%
06017,El Dorado CA,9%,6%,3%
06019,Fresno CA,12%,7%,3%
06021,Glenn CA,13%,8%,4%
06023,Humboldt CA,12%,8%,4%
06025,Imperial CA,12%,7%,4%
06027,Inyo CA,11%,8%,4%
06029,Kern CA,13%,8%,4%
06031,Kings CA,14%,9%,4%
06033,Lake CA,13%,9%,4%
06035,Lassen CA,14%,9%,5%
06037,Los Angeles CA,10%,6%,3%
06039,Madera CA,13%,8%,4%
06041,Marin CA,7%,5%,2%
06043,Mariposa CA,11%,8%,4%
06045,Mendocino CA,13%,9%,4%
06047,Merced CA,13%,8%,4%
06049,Modoc CA,14%,9%,5%
06051,Mono CA,11%,8%,4%
06053,Monterey CA,11%,7%,3%
06055,Napa CA,8%,6%,3%
06057,Nevada CA,11%,7%,4%
06059,Orange CA,8%,5%,3%
06061,Placer CA,8%,6%,3%
06063,Plumas CA,14%,9%,5%
06065,Riverside CA,11%,7%,3%
06067,Sacramento CA,11%,7%,3%
06069,San Benito CA,12%,8%,4%
06071,San Bernardino CA,12%,7%,4%
06073,San Diego CA,10%,6%,3%
06075,San Francisco CA,6%,4%,2%
06077,San Joaquin CA,11%,7%,4%
06079,San Luis Obispo CA,10%,7%,3%
06081,San Mateo CA,6%,4%,2%
06083,Santa Barbara CA,11%,7%,3%
06085,Santa Clara CA,6%,4%,2%
06087,Santa Cruz CA,9%,6%,3%
06089,Shasta CA,12%,8%,4%
06091,Sierra CA,11%,7%,4%
06093,Siskiyou CA,14%,9%,5%
06095,Solano CA,10%,6%,3%
06097,Sonoma CA,9%,6%,3%
06099,Stanislaus CA,12%,8%,4%
06101,Sutter CA,13%,8%,4%
06103,Tehama CA,13%,8%,4%
06105,Trinity CA,13%,8%,4%
06107,Tulare CA,13%,8%,4%
06109,Tuolumne CA,11%,8%,4%
06111,Ventura CA,9%,6%,3%
06113,Yolo CA,10%,6%,3%
06115,Yuba CA,13%,8%,4%
08001,Adams CO,12%,8%,5%
08003,Alamosa CO,13%,8%,5%
08005,Arapahoe CO,11%,7%,4%
08007,Archuleta CO,11%,7%,4%
08009,Baca CO,13%,8%,5%
08011,Bent CO,15%,9%,6%
08013,Boulder CO,9%,6%,3%
08014,Broomfield CO,9%,6%,3%
08015,Chaffee CO,13%,8%,5%
08017,Cheyenne CO,15%,9%,6%
08019,Clear Creek CO,7%,5%,3%
08021,Conejos CO,13%,8%,5%
08023,Costilla CO,13%,8%,5%
08025,Crowley CO,15%,9%,6%
08027,Custer CO,13%,8%,5%
08029,Delta CO,12%,8%,5%
08031,Denver CO,10%,7%,4%
08033,Dolores CO,11%,7%,4%
08035,Douglas CO,9%,6%,4%
08037,Eagle CO,10%,7%,4%
08039,Elbert CO,10%,7%,4%
08041,El Paso CO,13%,8%,5%
08043,Fremont CO,13%,8%,5%
08045,Garfield CO,13%,8%,5%
08047,Gilpin CO,7%,5%,3%
08049,Grand CO,10%,7%,4%
08051,Gunnison CO,11%,7%,4%
08053,Hinsdale CO,11%,7%,4%
08055,Huerfano CO,13%,8%,5%
08057,Jackson CO,10%,7%,4%
08059,Jefferson CO,10%,6%,4%
08061,Kiowa CO,15%,9%,6%
08063,Kit Carson CO,15%,9%,6%
08065,Lake CO,13%,8%,5%
08067,La Plata CO,11%,7%,4%
08069,Larimer CO,11%,7%,4%
08071,Las Animas CO,13%,8%,5%
08073,Lincoln CO,15%,9%,6%
08075,Logan CO,15%,9%,6%
08077,Mesa CO,14%,9%,5%
08079,Mineral CO,13%,8%,5%
08081,Moffat CO,13%,8%,5%
08083,Montezuma CO,11%,7%,4%
08085,Montrose CO,12%,8%,5%
08087,Morgan CO,15%,9%,6%
08089,Otero CO,13%,8%,5%
08091,Ouray CO,12%,8%,5%
08093,Park CO,13%,8%,5%
08095,Phillips CO,15%,9%,6%
08097,Pitkin CO,10%,7%,4%
08099,Prowers CO,13%,8%,5%
08101,Pueblo CO,13%,8%,5%
08103,Rio Blanco CO,13%,8%,5%
08105,Rio Grande CO,13%,8%,5%
08107,Routt CO,13%,8%,5%
08109,Saguache CO,13%,8%,5%
08111,San Juan CO,11%,7%,4%
08113,San Miguel CO,12%,8%,5%
08115,Sedgwick CO,15%,9%,6%
08117,Summit CO,10%,7%,4%
08119,Teller CO,14%,8%,5%
08121,Washington CO,15%,9%,6%
08123,Weld CO,12%,8%,5%
08125,Yuma CO,15%,9%,6%
09001,Fairfield CT,7%,5%,3%
09003,Hartford CT,8%,5%,3%
09005,Litchfield CT,8%,6%,3%
09007,Middlesex CT,8%,5%,3%
09009,New Haven CT,9%,6%,3%
09011,New London CT,9%,6%,3%
09013,Tolland CT,8%,6%,3%
09015,Windham CT,10%,7%,4%
10001,Kent DE,14%,7%,4%
10003,New Castle DE,12%,6%,3%
10005,Sussex DE,11%,6%,3%
11001,District of Columbia DC,8%,7%,4%
12001,Alachua FL,17%,12%,8%
12003,Baker FL,21%,16%,10%
12005,Bay FL,21%,16%,10%
12007,Bradford FL,25%,18%,12%
12009,Brevard FL,17%,13%,8%
12011,Broward FL,17%,12%,8%
12013,Calhoun FL,23%,17%,12%
12015,Charlotte FL,17%,12%,8%
12017,Citrus FL,18%,14%,9%
12019,Clay FL,19%,14%,9%
12021,Collier FL,15%,11%,7%
12023,Columbia FL,25%,18%,12%
12027,DeSoto FL,20%,14%,10%
12029,Dixie FL,25%,18%,12%
12031,Duval FL,20%,14%,9%
12033,Escambia FL,22%,15%,10%
12035,Flagler FL,17%,12%,8%
12037,Franklin FL,23%,17%,12%
12039,Gadsden FL,23%,17%,12%
12041,Gilchrist FL,25%,18%,12%
12043,Glades FL,21%,15%,10%
12045,Gulf FL,23%,17%,12%
12047,Hamilton FL,24%,17%,12%
12049,Hardee FL,20%,14%,10%
12051,Hendry FL,21%,15%,10%
12053,Hernando FL,20%,14%,10%
12055,Highlands FL,21%,14%,10%
12057,Hillsborough FL,18%,13%,8%
12059,Holmes FL,21%,16%,10%
12061,Indian River FL,17%,13%,8%
12063,Jackson FL,23%,17%,12%
12065,Jefferson FL,23%,17%,12%
12067,Lafayette FL,24%,17%,12%
12069,Lake FL,18%,13%,9%
12071,Lee FL,17%,12%,8%
12073,Leon FL,18%,12%,8%
12075,Levy FL,25%,18%,12%
12077,Liberty FL,23%,17%,12%
12079,Madison FL,24%,17%,12%
12081,Manatee FL,17%,12%,8%
12083,Marion FL,20%,14%,10%
12085,Martin FL,15%,11%,7%
12086,Miami-Dade FL,16%,11%,7%
12087,Monroe FL,19%,14%,9%
12089,Nassau FL,21%,16%,10%
12091,Okaloosa FL,21%,15%,10%
12093,Okeechobee FL,21%,15%,10%
12095,Orange FL,18%,12%,8%
12097,Osceola FL,18%,12%,8%
12099,Palm Beach FL,16%,11%,7%
12101,Pasco FL,19%,14%,9%
12103,Pinellas FL,17%,12%,8%
12105,Polk FL,20%,14%,9%
12107,Putnam FL,22%,16%,11%
12109,St. Johns FL,16%,12%,8%
12111,St. Lucie FL,19%,14%,9%
12113,Santa Rosa FL,21%,15%,10%
12115,Sarasota FL,15%,11%,7%
12117,Seminole FL,16%,11%,7%
12119,Sumter FL,15%,11%,8%
12121,Suwannee FL,24%,17%,12%
12123,Taylor FL,24%,17%,12%
12125,Union FL,25%,18%,12%
12127,Volusia FL,19%,13%,9%
12129,Wakulla FL,23%,17%,12%
12131,Walton FL,21%,16%,10%
12133,Washington FL,21%,16%,10%
13001,Appling GA,27%,19%,12%
13003,Atkinson GA,27%,19%,12%
13005,Bacon GA,27%,19%,12%
13007,Baker GA,26%,18%,11%
13009,Baldwin GA,22%,15%,9%
13011,Banks GA,24%,17%,11%
13013,Barrow GA,22%,16%,10%
13015,Bartow GA,24%,17%,11%
13017,Ben Hill GA,26%,17%,11%
13019,Berrien GA,26%,17%,11%
13021,Bibb GA,23%,15%,9%
13023,Bleckley GA,25%,17%,11%
13025,Brantley GA,27%,19%,12%
13027,Brooks GA,26%,17%,11%
13029,Bryan GA,25%,16%,10%
13031,Bulloch GA,23%,16%,10%
13033,Burke GA,25%,16%,10%
13035,Butts GA,24%,17%,11%
13037,Calhoun GA,26%,18%,11%
13039,Camden GA,22%,15%,10%
13043,Candler GA,25%,17%,11%
13045,Carroll GA,25%,18%,11%
13047,Catoosa GA,24%,17%,11%
13049,Charlton GA,27%,19%,12%
13051,Chatham GA,22%,15%,9%
13053,Chattahoochee GA,23%,15%,9%
13055,Chattooga GA,24%,17%,11%
13057,Cherokee GA,19%,14%,9%
13059,Clarke GA,21%,13%,8%
13061,Clay GA,23%,16%,10%
13063,Clayton GA,24%,15%,10%
13065,Clinch GA,27%,19%,12%
13067,Cobb GA,17%,12%,7%
13069,Coffee GA,27%,19%,12%
13071,Colquitt GA,24%,16%,10%
13073,Columbia GA,18%,13%,8%
13075,Cook GA,26%,17%,11%
13077,Coweta GA,20%,14%,9%
13079,Crawford GA,22%,15%,9%
13081,Crisp GA,23%,16%,10%
13083,Dade GA,24%,17%,11%
13085,Dawson GA,21%,15%,9%
13087,Decatur GA,26%,18%,11%
13089,DeKalb GA,19%,12%,7%
13091,Dodge GA,25%,17%,11%
13093,Dooly GA,23%,16%,10%
13095,Dougherty GA,24%,16%,10%
13097,Douglas GA,21%,14%,9%
13099,Early GA,26%,18%,11%
13101,Echols GA,27%,19%,12%
13103,Effingham GA,23%,16%,10%
13105,Elbert GA,22%,15%,10%
13107,Emanuel GA,25%,17%,11%
13109,Evans GA,27%,19%,12%
13111,Fannin GA,24%,17%,11%
13113,Fayette GA,16%,11%,7%
13115,Floyd GA,24%,16%,10%
13117,Forsyth GA,14%,10%,7%
13119,Franklin GA,24%,17%,11%
13121,Fulton GA,17%,11%,7%
13123,Gilmer GA,24%,17%,11%
13125,Glascock GA,25%,16%,10%
13127,Glynn GA,22%,15%,10%
13129,Gordon GA,24%,17%,11%
13131,Grady GA,26%,18%,11%
13133,Greene GA,22%,15%,10%
13135,Gwinnett GA,18%,12%,7%
13137,Habersham GA,24%,17%,11%
13139,Hall GA,21%,15%,9%
13141,Hancock GA,25%,16%,10%
13143,Haralson GA,24%,16%,10%
13145,Harris GA,23%,16%,10%
13147,Hart GA,24%,17%,11%
13149,Heard GA,25%,17%,11%
13151,Henry GA,20%,14%,8%
13153,Houston GA,21%,14%,9%
13155,Irwin GA,26%,17%,11%
13157,Jackson GA,22%,16%,10%
13159,Jasper GA,22%,16%,10%
13161,Jeff Davis GA,27%,19%,12%
13163,Jefferson GA,25%,16%,10%
13165,Jenkins GA,25%,16%,10%
13167,Johnson GA,25%,17%,11%
13169,Jones GA,22%,15%,9%
13171,Lamar GA,24%,17%,11%
13173,Lanier GA,27%,19%,12%
13175,Laurens GA,25%,17%,11%
13177,Lee GA,24%,16%,10%
13179,Liberty GA,25%,16%,10%
13181,Lincoln GA,25%,16%,10%
13183,Long GA,25%,16%,10%
13185,Lowndes GA,24%,16%,10%
13187,Lumpkin GA,21%,15%,9%
13189,McDuffie GA,25%,16%,10%
13191,McIntosh GA,22%,15%,10%
13193,Macon GA,23%,16%,10%
13195,Madison GA,22%,15%,10%
13197,Marion GA,23%,16%,10%
13199,Meriwether GA,25%,17%,11%
13201,Miller GA,26%,18%,11%
13205,Mitchell GA,26%,18%,11%
13207,Monroe GA,22%,15%,9%
13209,Montgomery GA,27%,19%,12%
13211,Morgan GA,22%,16%,10%
13213,Murray GA,24%,17%,11%
13215,Muscogee GA,23%,15%,9%
13217,Newton GA,23%,15%,10%
13219,Oconee GA,22%,15%,10%
13221,Oglethorpe GA,22%,15%,10%
13223,Paulding GA,23%,17%,10%
13225,Peach GA,22%,15%,9%
13227,Pickens GA,24%,17%,11%
13229,Pierce GA,27%,19%,12%
13231,Pike GA,24%,17%,11%
13233,Polk GA,24%,16%,10%
13235,Pulaski GA,21%,14%,9%
13237,Putnam GA,22%,15%,9%
13239,Quitman GA,23%,16%,10%
13241,Rabun GA,21%,15%,9%
13243,Randolph GA,23%,16%,10%
13245,Richmond GA,25%,16%,10%
13247,Rockdale GA,23%,15%,10%
13249,Schley GA,23%,16%,10%
13251,Screven GA,23%,16%,10%
13253,Seminole GA,26%,18%,11%
13255,Spalding GA,24%,17%,11%
13257,Stephens GA,24%,17%,11%
13259,Stewart GA,23%,16%,10%
13261,Sumter GA,23%,16%,10%
13263,Talbot GA,23%,16%,10%
13265,Taliaferro GA,25%,16%,10%
13267,Tattnall GA,27%,19%,12%
13269,Taylor GA,23%,16%,10%
13271,Telfair GA,27%,19%,12%
13273,Terrell GA,26%,18%,11%
13275,Thomas GA,24%,16%,10%
13277,Tift GA,26%,17%,11%
13279,Toombs GA,27%,19%,12%
13281,Towns GA,21%,15%,9%
13283,Treutlen GA,25%,17%,11%
13285,Troup GA,25%,17%,11%
13287,Turner GA,26%,17%,11%
13289,Twiggs GA,22%,15%,9%
13291,Union GA,21%,15%,9%
13293,Upson GA,24%,17%,11%
13295,Walker GA,24%,17%,11%
13297,Walton GA,22%,16%,10%
13299,Ware GA,27%,19%,12%
13301,Warren GA,25%,16%,10%
13303,Washington GA,25%,16%,10%
13305,Wayne GA,27%,19%,12%
13307,Webster GA,23%,16%,10%
13309,Wheeler GA,27%,19%,12%
13311,White GA,21%,15%,9%
13313,Whitfield GA,22%,15%,10%
13315,Wilcox GA,25%,17%,11%
13317,Wilkes GA,25%,16%,10%
13319,Wilkinson GA,22%,15%,9%
13321,Worth GA,24%,16%,10%
15001,Hawaii HI,10%,6%,3%
15003,Honolulu HI,8%,5%,3%
15005,Kalawao HI,10%,6%,3%
15007,Kauai HI,10%,6%,3%
15009,Maui HI,10%,6%,3%
16001,Ada ID,23%,18%,11%
16003,Adams ID,25%,19%,12%
16005,Bannock ID,27%,20%,13%
16007,Bear Lake ID,27%,20%,13%
16009,Benewah ID,25%,19%,12%
16011,Bingham ID,27%,20%,13%
16013,Blaine ID,28%,20%,13%
16015,Boise ID,25%,19%,12%
16017,Bonner ID,25%,19%,12%
16019,Bonneville ID,25%,18%,12%
16021,Boundary ID,25%,19%,12%
16023,Butte ID,25%,19%,12%
16025,Camas ID,28%,20%,13%
16027,Canyon ID,25%,19%,12%
16029,Caribou ID,27%,20%,13%
16031,Cassia ID,27%,20%,13%
16033,Clark ID,25%,19%,12%
16035,Clearwater ID,25%,19%,12%
16037,Custer ID,25%,19%,12%
16039,Elmore ID,28%,20%,13%
16041,Franklin ID,27%,20%,13%
16043,Fremont ID,27%,20%,13%
16045,Gem ID,22%,17%,11%
16047,Gooding ID,28%,20%,13%
16049,Idaho ID,25%,19%,12%
16051,Jefferson ID,27%,20%,13%
16053,Jerome ID,28%,20%,13%
16055,Kootenai ID,25%,19%,13%
16057,Latah ID,25%,19%,12%
16059,Lemhi ID,25%,19%,12%
16061,Lewis ID,25%,19%,12%
16063,Lincoln ID,28%,20%,13%
16065,Madison ID,27%,20%,13%
16067,Minidoka ID,28%,20%,13%
16069,Nez Perce ID,25%,19%,12%
16071,Oneida ID,27%,20%,13%
16073,Owyhee ID,26%,19%,12%
16075,Payette ID,22%,17%,11%
16077,Power ID,27%,20%,13%
16079,Shoshone ID,25%,19%,12%
16081,Teton ID,27%,20%,13%
16083,Twin Falls ID,27%,20%,13%
16085,Valley ID,25%,19%,12%
16087,Washington ID,22%,17%,11%
17001,Adams IL,16%,10%,6%
17003,Alexander IL,17%,10%,7%
17005,Bond IL,17%,10%,6%
17007,Boone IL,15%,9%,5%
17009,Brown IL,16%,10%,6%
17011,Bureau IL,15%,9%,5%
17013,Calhoun IL,17%,10%,6%
17015,Carroll IL,15%,9%,5%
17017,Cass IL,17%,10%,6%
17019,Champaign IL,14%,8%,5%
17021,Christian IL,16%,10%,6%
17023,Clark IL,17%,11%,7%
17025,Clay IL,17%,11%,7%
17027,Clinton IL,17%,10%,6%
17029,Coles IL,16%,10%,6%
17031,Cook IL,13%,7%,4%
17033,Crawford IL,17%,11%,7%
17035,Cumberland IL,16%,10%,6%
17037,DeKalb IL,14%,8%,5%
17039,De Witt IL,16%,10%,6%
17041,Douglas IL,16%,10%,6%
17043,DuPage IL,10%,6%,4%
17045,Edgar IL,16%,10%,6%
17047,Edwards IL,17%,10%,7%
17049,Effingham IL,17%,10%,6%
17051,Fayette IL,17%,10%,6%
17053,Ford IL,18%,11%,7%
17055,Franklin IL,17%,10%,6%
17057,Fulton IL,16%,10%,6%
17059,Gallatin IL,17%,10%,7%
17061,Greene IL,17%,10%,6%
17063,Grundy IL,12%,8%,5%
17065,Hamilton IL,17%,10%,7%
17067,Hancock IL,16%,10%,6%
17069,Hardin IL,17%,10%,7%
17071,Henderson IL,16%,10%,6%
17073,Henry IL,16%,10%,6%
17075,Iroquois IL,18%,11%,7%
17077,Jackson IL,17%,10%,6%
17079,Jasper IL,17%,11%,7%
17081,Jefferson IL,17%,10%,6%
17083,Jersey IL,17%,10%,6%
17085,Jo Daviess IL,15%,9%,5%
17087,Johnson IL,17%,10%,7%
17089,Kane IL,13%,7%,4%
17091,Kankakee IL,16%,10%,6%
17093,Kendall IL,12%,8%,5%
17095,Knox IL,15%,9%,5%
17097,Lake IL,12%,7%,4%
17099,La Salle IL,16%,10%,6%
17101,Lawrence IL,17%,11%,7%
17103,Lee IL,15%,9%,5%
17105,Livingston IL,18%,11%,7%
17107,Logan IL,16%,10%,6%
17109,McDonough IL,16%,10%,6%
17111,McHenry IL,13%,8%,5%
17113,McLean IL,14%,8%,5%
17115,Macon IL,17%,10%,6%
17117,Macoupin IL,17%,10%,6%
17119,Madison IL,14%,9%,5%
17121,Marion IL,17%,10%,6%
17123,Marshall IL,15%,9%,5%
17125,Mason IL,16%,10%,6%
17127,Massac IL,17%,10%,7%
17129,Menard IL,16%,10%,6%
17131,Mercer IL,16%,10%,6%
17133,Monroe IL,17%,10%,6%
17135,Montgomery IL,17%,10%,6%
17137,Morgan IL,17%,10%,6%
17139,Moultrie IL,16%,10%,6%
17141,Ogle IL,15%,9%,5%
17143,Peoria IL,15%,9%,5%
17145,Perry IL,17%,10%,6%
17147,Piatt IL,16%,10%,6%
17149,Pike IL,16%,10%,6%
17151,Pope IL,17%,10%,7%
17153,Pulaski IL,17%,10%,7%
17155,Putnam IL,15%,9%,5%
17157,Randolph IL,17%,10%,6%
17159,Richland IL,17%,11%,7%
17161,Rock Island IL,16%,9%,6%
17163,St. Clair IL,17%,9%,6%
17165,Saline IL,17%,10%,7%
17167,Sangamon IL,15%,9%,5%
17169,Schuyler IL,16%,10%,6%
17171,Scott IL,17%,10%,6%
17173,Shelby IL,16%,10%,6%
17175,Stark IL,15%,9%,5%
17177,Stephenson IL,15%,9%,5%
17179,Tazewell IL,15%,9%,5%
17181,Union IL,17%,10%,7%
17183,Vermilion IL,18%,11%,7%
17185,Wabash IL,17%,10%,7%
17187,Warren IL,16%,10%,6%
17189,Washington IL,17%,10%,6%
17191,Wayne IL,17%,11%,7%
17193,White IL,17%,10%,7%
17195,Whiteside IL,15%,9%,5%
17197,Will IL,13%,8%,5%
17199,Williamson IL,17%,10%,6%
17201,Winnebago IL,16%,9%,6%
17203,Woodford IL,15%,9%,5%
18001,Adams IN,19%,14%,9%
18003,Allen IN,16%,12%,7%
18005,Bartholomew IN,15%,11%,7%
18007,Benton IN,19%,14%,9%
18009,Blackford IN,20%,14%,9%
18011,Boone IN,13%,10%,6%
18013,Brown IN,18%,13%,8%
18015,Carroll IN,19%,14%,9%
18017,Cass IN,19%,14%,9%
18019,Clark IN,18%,13%,8%
18021,Clay IN,19%,14%,9%
18023,Clinton IN,19%,14%,9%
18025,Crawford IN,17%,13%,8%
18027,Daviess IN,18%,14%,9%
18029,Dearborn IN,17%,13%,8%
18031,Decatur IN,19%,14%,9%
18033,De Kalb IN,20%,15%,10%
18035,Delaware IN,18%,13%,8%
18037,Dubois IN,17%,13%,8%
18039,Elkhart IN,18%,14%,9%
18041,Fayette IN,19%,14%,9%
18043,Floyd IN,17%,13%,8%
18045,Fountain IN,19%,14%,9%
18047,Franklin IN,17%,13%,8%
18049,Fulton IN,18%,13%,8%
18051,Gibson IN,15%,11%,7%
18053,Grant IN,19%,14%,9%
18055,Greene IN,18%,14%,9%
18057,Hamilton IN,11%,8%,5%
18059,Hancock IN,18%,13%,8%
18061,Harrison IN,17%,13%,8%
18063,Hendricks IN,14%,11%,6%
18065,Henry IN,20%,14%,9%
18067,Howard IN,19%,14%,9%
18069,Huntington IN,19%,14%,9%
18071,Jackson IN,15%,11%,7%
18073,Jasper IN,18%,13%,8%
18075,Jay IN,20%,14%,9%
18077,Jefferson IN,19%,14%,9%
18079,Jennings IN,19%,14%,9%
18081,Johnson IN,15%,12%,7%
18083,Knox IN,17%,13%,8%
18085,Kosciusko IN,18%,13%,8%
18087,Lagrange IN,20%,15%,10%
18089,Lake IN,16%,11%,7%
18091,La Porte IN,19%,14%,9%
18093,Lawrence IN,18%,14%,9%
18095,Madison IN,19%,14%,9%
18097,Marion IN,17%,12%,7%
18099,Marshall IN,18%,13%,8%
18101,Martin IN,18%,14%,9%
18103,Miami IN,19%,14%,9%
18105,Monroe IN,16%,11%,7%
18107,Montgomery IN,19%,14%,9%
18109,Morgan IN,18%,13%,8%
18111,Newton IN,18%,13%,8%
18113,Noble IN,20%,15%,10%
18115,Ohio IN,17%,13%,8%
18117,Orange IN,18%,14%,9%
18119,Owen IN,18%,14%,9%
18121,Parke IN,19%,14%,9%
18123,Perry IN,17%,13%,8%
18125,Pike IN,17%,13%,8%
18127,Porter IN,15%,11%,7%
18129,Posey IN,15%,11%,7%
18131,Pulaski IN,18%,13%,8%
18133,Putnam IN,18%,13%,8%
18135,Randolph IN,20%,14%,9%
18137,Ripley IN,17%,13%,8%
18139,Rush IN,19%,14%,9%
18141,St. Joseph IN,17%,12%,8%
18143,Scott IN,19%,14%,9%
18145,Shelby IN,18%,13%,8%
18147,Spencer IN,17%,13%,8%
18149,Starke IN,18%,13%,8%
18151,Steuben IN,20%,15%,10%
18153,Sullivan IN,19%,14%,9%
18155,Switzerland IN,17%,13%,8%
18157,Tippecanoe IN,16%,11%,7%
18159,Tipton IN,19%,14%,9%
18161,Union IN,19%,14%,9%
18163,Vanderburgh IN,18%,13%,8%
18165,Vermillion IN,19%,14%,9%
18167,Vigo IN,19%,14%,8%
18169,Wabash IN,19%,14%,9%
18171,Warren IN,19%,14%,9%
18173,Warrick IN,15%,11%,7%
18175,Washington IN,17%,13%,8%
18177,Wayne IN,19%,14%,9%
18179,Wells IN,19%,14%,9%
18181,White IN,19%,14%,9%
18183,Whitley IN,19%,14%,9%
19001,Adair IA,20%,14%,8%
19003,Adams IA,20%,14%,8%
19005,Allamakee IA,18%,13%,7%
19007,Appanoose IA,20%,14%,8%
19009,Audubon IA,20%,14%,8%
19011,Benton IA,19%,13%,8%
19013,Black Hawk IA,18%,12%,7%
19015,Boone IA,17%,12%,7%
19017,Bremer IA,18%,13%,7%
19019,Buchanan IA,18%,12%,7%
19021,Buena Vista IA,17%,12%,7%
19023,Butler IA,19%,13%,8%
19025,Calhoun IA,17%,12%,7%
19027,Carroll IA,17%,12%,7%
19029,Cass IA,19%,13%,8%
19031,Cedar IA,19%,13%,8%
19033,Cerro Gordo IA,17%,12%,7%
19035,Cherokee IA,17%,12%,7%
19037,Chickasaw IA,18%,13%,7%
19039,Clarke IA,20%,14%,8%
19041,Clay IA,17%,12%,7%
19043,Clayton IA,18%,13%,7%
19045,Clinton IA,19%,13%,8%
19047,Crawford IA,17%,12%,7%
19049,Dallas IA,15%,10%,6%
19051,Davis IA,20%,14%,8%
19053,Decatur IA,20%,14%,8%
19055,Delaware IA,18%,12%,7%
19057,Des Moines IA,19%,13%,8%
19059,Dickinson IA,17%,12%,7%
19061,Dubuque IA,18%,12%,7%
19063,Emmet IA,17%,12%,7%
19065,Fayette IA,18%,13%,7%
19067,Floyd IA,17%,12%,7%
19069,Franklin IA,19%,13%,8%
19071,Fremont IA,19%,13%,8%
19073,Greene IA,17%,12%,7%
19075,Grundy IA,19%,13%,8%
19077,Guthrie IA,20%,14%,8%
19079,Hamilton IA,19%,13%,8%
19081,Hancock IA,17%,12%,7%
19083,Hardin IA,19%,13%,8%
19085,Harrison IA,19%,13%,8%
19087,Henry IA,19%,13%,8%
19089,Howard IA,18%,13%,7%
19091,Humboldt IA,19%,13%,8%
19093,Ida IA,17%,12%,7%
19095,Iowa IA,19%,13%,8%
19097,Jackson IA,18%,12%,7%
19099,Jasper IA,18%,12%,7%
19101,Jefferson IA,20%,14%,8%
19103,Johnson IA,15%,10%,6%
19105,Jones IA,19%,13%,8%
19107,Keokuk IA,20%,14%,8%
19109,Kossuth IA,17%,12%,7%
19111,Lee IA,19%,13%,8%
19113,Linn IA,18%,12%,7%
19115,Louisa IA,19%,13%,8%
19117,Lucas IA,20%,14%,8%
19119,Lyon IA,17%,12%,7%
19121,Madison IA,18%,12%,7%
19123,Mahaska IA,20%,14%,8%
19125,Marion IA,18%,12%,7%
19127,Marshall IA,19%,13%,8%
19129,Mills IA,19%,13%,8%
19131,Mitchell IA,17%,12%,7%
19133,Monona IA,17%,12%,7%
19135,Monroe IA,20%,14%,8%
19137,Montgomery IA,19%,13%,8%
19139,Muscatine IA,19%,13%,8%
19141,OBrien IA,17%,12%,7%
19143,Osceola IA,17%,12%,7%
19145,Page IA,19%,13%,8%
19147,Palo Alto IA,17%,12%,7%
19149,Plymouth IA,19%,13%,8%
19151,Pocahontas IA,17%,12%,7%
19153,Polk IA,17%,11%,7%
19155,Pottawattamie IA,19%,13%,8%
19157,Poweshiek IA,19%,13%,8%
19159,Ringgold IA,20%,14%,8%
19161,Sac IA,17%,12%,7%
19163,Scott IA,18%,12%,7%
19165,Shelby IA,19%,13%,8%
19167,Sioux IA,17%,12%,7%
19169,Story IA,17%,12%,7%
19171,Tama IA,19%,13%,8%
19173,Taylor IA,20%,14%,8%
19175,Union IA,20%,14%,8%
19177,Van Buren IA,20%,14%,8%
19179,Wapello IA,20%,14%,8%
19181,Warren IA,18%,12%,7%
19183,Washington IA,20%,14%,8%
19185,Wayne IA,20%,14%,8%
19187,Webster IA,19%,13%,8%
19189,Winnebago IA,17%,12%,7%
19191,Winneshiek IA,18%,13%,7%
19193,Woodbury IA,19%,13%,8%
19195,Worth IA,17%,12%,7%
19197,Wright IA,19%,13%,8%
20001,Allen KS,21%,16%,10%
20003,Anderson KS,21%,16%,10%
20005,Atchison KS,22%,16%,10%
20007,Barber KS,21%,16%,10%
20009,Barton KS,21%,16%,10%
20011,Bourbon KS,21%,16%,10%
20013,Brown KS,19%,15%,9%
20015,Butler KS,19%,14%,8%
20017,Chase KS,20%,14%,9%
20019,Chautauqua KS,20%,14%,9%
20021,Cherokee KS,23%,17%,10%
20023,Cheyenne KS,20%,15%,9%
20025,Clark KS,21%,15%,9%
20027,Clay KS,20%,15%,9%
20029,Cloud KS,20%,15%,9%
20031,Coffey KS,20%,14%,9%
20033,Comanche KS,21%,16%,10%
20035,Cowley KS,20%,15%,9%
20037,Crawford KS,23%,17%,10%
20039,Decatur KS,20%,15%,9%
20041,Dickinson KS,20%,15%,9%
20043,Doniphan KS,22%,16%,10%
20045,Douglas KS,19%,14%,8%
20047,Edwards KS,21%,16%,10%
20049,Elk KS,20%,14%,9%
20051,Ellis KS,20%,15%,9%
20053,Ellsworth KS,20%,15%,9%
20055,Finney KS,21%,15%,9%
20057,Ford KS,21%,15%,9%
20059,Franklin KS,21%,16%,10%
20061,Geary KS,23%,16%,9%
20063,Gove KS,20%,15%,9%
20065,Graham KS,20%,15%,9%
20067,Grant KS,21%,15%,9%
20069,Gray KS,21%,15%,9%
20071,Greeley KS,20%,15%,9%
20073,Greenwood KS,20%,14%,9%
20075,Hamilton KS,21%,15%,9%
20077,Harper KS,21%,16%,10%
20079,Harvey KS,19%,14%,9%
20081,Haskell KS,21%,15%,9%
20083,Hodgeman KS,21%,15%,9%
20085,Jackson KS,19%,15%,9%
20087,Jefferson KS,22%,16%,10%
20089,Jewell KS,20%,15%,9%
20091,Johnson KS,15%,12%,7%
20093,Kearny KS,21%,15%,9%
20095,Kingman KS,21%,16%,10%
20097,Kiowa KS,21%,16%,10%
20099,Labette KS,23%,17%,10%
20101,Lane KS,20%,15%,9%
20103,Leavenworth KS,22%,16%,10%
20105,Lincoln KS,20%,15%,9%
20107,Linn KS,21%,16%,10%
20109,Logan KS,20%,15%,9%
20111,Lyon KS,20%,14%,9%
20113,McPherson KS,21%,15%,10%
20115,Marion KS,20%,14%,9%
20117,Marshall KS,20%,15%,9%
20119,Meade KS,21%,15%,9%
20121,Miami KS,21%,16%,10%
20123,Mitchell KS,20%,15%,9%
20125,Montgomery KS,23%,17%,10%
20127,Morris KS,20%,14%,9%
20129,Morton KS,21%,15%,9%
20131,Nemaha KS,20%,15%,9%
20133,Neosho KS,23%,17%,10%
20135,Ness KS,20%,15%,9%
20137,Norton KS,20%,15%,9%
20139,Osage KS,19%,15%,9%
20141,Osborne KS,20%,15%,9%
20143,Ottawa KS,20%,15%,9%
20145,Pawnee KS,21%,16%,10%
20147,Phillips KS,20%,15%,9%
20149,Pottawatomie KS,23%,16%,9%
20151,Pratt KS,21%,16%,10%
20153,Rawlins KS,20%,15%,9%
20155,Reno KS,21%,15%,10%
20157,Republic KS,20%,15%,9%
20159,Rice KS,21%,15%,10%
20161,Riley KS,23%,16%,9%
20163,Rooks KS,20%,15%,9%
20165,Rush KS,21%,16%,10%
20167,Russell KS,20%,15%,9%
20169,Saline KS,20%,15%,9%
20171,Scott KS,20%,15%,9%
20173,Sedgwick KS,21%,16%,10%
20175,Seward KS,21%,15%,9%
20177,Shawnee KS,21%,16%,10%
20179,Sheridan KS,20%,15%,9%
20181,Sherman KS,20%,15%,9%
20183,Smith KS,20%,15%,9%
20185,Stafford KS,21%,16%,10%
20187,Stanton KS,21%,15%,9%
20189,Stevens KS,21%,15%,9%
20191,Sumner KS,21%,16%,10%
20193,Thomas KS,20%,15%,9%
20195,Trego KS,20%,15%,9%
20197,Wabaunsee KS,19%,15%,9%
20199,Wallace KS,20%,15%,9%
20201,Washington KS,20%,15%,9%
20203,Wichita KS,20%,15%,9%
20205,Wilson KS,20%,14%,9%
20207,Woodson KS,20%,14%,9%
20209,Wyandotte KS,23%,16%,10%
21001,Adair KY,27%,21%,14%
21003,Allen KY,26%,21%,14%
21005,Anderson KY,23%,18%,11%
21007,Ballard KY,23%,18%,12%
21009,Barren KY,26%,21%,14%
21011,Bath KY,27%,21%,14%
21013,Bell KY,29%,22%,15%
21015,Boone KY,19%,15%,10%
21017,Bourbon KY,24%,19%,12%
21019,Boyd KY,25%,20%,13%
21021,Boyle KY,24%,19%,13%
21023,Bracken KY,27%,21%,14%
21025,Breathitt KY,28%,22%,15%
21027,Breckinridge KY,25%,20%,13%
21029,Bullitt KY,22%,18%,11%
21031,Butler KY,26%,21%,14%
21033,Caldwell KY,25%,20%,13%
21035,Calloway KY,23%,18%,12%
21037,Campbell KY,21%,17%,11%
21039,Carlisle KY,23%,18%,12%
21041,Carroll KY,21%,17%,11%
21043,Carter KY,25%,20%,13%
21045,Casey KY,27%,21%,14%
21047,Christian KY,27%,20%,14%
21049,Clark KY,24%,19%,12%
21051,Clay KY,28%,22%,15%
21053,Clinton KY,27%,21%,14%
21055,Crittenden KY,25%,20%,13%
21057,Cumberland KY,27%,21%,14%
21059,Daviess KY,22%,17%,11%
21061,Edmonson KY,26%,21%,14%
21063,Elliott KY,25%,20%,13%
21065,Estill KY,24%,18%,12%
21067,Fayette KY,20%,15%,10%
21069,Fleming KY,27%,21%,14%
21071,Floyd KY,28%,21%,14%
21073,Franklin KY,23%,18%,11%
21075,Fulton KY,23%,18%,12%
21077,Gallatin KY,21%,17%,11%
21079,Garrard KY,24%,19%,13%
21081,Grant KY,21%,17%,11%
21083,Graves KY,23%,18%,12%
21085,Grayson KY,25%,20%,13%
21087,Green KY,27%,21%,14%
21089,Greenup KY,25%,20%,13%
21091,Hancock KY,22%,17%,11%
21093,Hardin KY,25%,19%,13%
21095,Harlan KY,29%,22%,15%
21097,Harrison KY,24%,19%,12%
21099,Hart KY,26%,21%,14%
21101,Henderson KY,24%,19%,13%
21103,Henry KY,21%,17%,11%
21105,Hickman KY,23%,18%,12%
21107,Hopkins KY,25%,20%,13%
21109,Jackson KY,28%,22%,15%
21111,Jefferson KY,21%,16%,10%
21113,Jessamine KY,24%,19%,13%
21115,Johnson KY,28%,21%,14%
21117,Kenton KY,20%,16%,10%
21119,Knott KY,28%,22%,15%
21121,Knox KY,29%,22%,15%
21123,Larue KY,24%,19%,13%
21125,Laurel KY,28%,22%,15%
21127,Lawrence KY,25%,20%,13%
21129,Lee KY,28%,22%,15%
21131,Leslie KY,28%,22%,15%
21133,Letcher KY,28%,22%,15%
21135,Lewis KY,27%,21%,14%
21137,Lincoln KY,24%,19%,13%
21139,Livingston KY,25%,20%,13%
21141,Logan KY,26%,21%,14%
21143,Lyon KY,27%,20%,14%
21145,McCracken KY,23%,18%,12%
21147,McCreary KY,26%,21%,14%
21149,McLean KY,24%,19%,13%
21151,Madison KY,24%,18%,12%
21153,Magoffin KY,28%,21%,14%
21155,Marion KY,24%,19%,13%
21157,Marshall KY,23%,18%,12%
21159,Martin KY,28%,21%,14%
21161,Mason KY,27%,21%,14%
21163,Meade KY,25%,20%,13%
21165,Menifee KY,27%,21%,14%
21167,Mercer KY,23%,18%,11%
21169,Metcalfe KY,26%,21%,14%
21171,Monroe KY,26%,21%,14%
21173,Montgomery KY,27%,21%,14%
21175,Morgan KY,27%,21%,14%
21177,Muhlenberg KY,25%,20%,13%
21179,Nelson KY,24%,19%,13%
21181,Nicholas KY,24%,19%,12%
21183,Ohio KY,24%,19%,13%
21185,Oldham KY,21%,17%,11%
21187,Owen KY,21%,17%,11%
21189,Owsley KY,28%,22%,15%
21191,Pendleton KY,21%,17%,11%
21193,Perry KY,28%,22%,15%
21195,Pike KY,28%,21%,14%
21197,Powell KY,24%,18%,12%
21199,Pulaski KY,26%,21%,14%
21201,Robertson KY,27%,21%,14%
21203,Rockcastle KY,28%,22%,15%
21205,Rowan KY,27%,21%,14%
21207,Russell KY,27%,21%,14%
21209,Scott KY,24%,19%,12%
21211,Shelby KY,21%,17%,11%
21213,Simpson KY,26%,21%,14%
21215,Spencer KY,22%,18%,11%
21217,Taylor KY,27%,21%,14%
21219,Todd KY,27%,20%,14%
21221,Trigg KY,27%,20%,14%
21223,Trimble KY,21%,17%,11%
21225,Union KY,24%,19%,13%
21227,Warren KY,22%,17%,11%
21229,Washington KY,24%,19%,13%
21231,Wayne KY,26%,21%,14%
21233,Webster KY,24%,19%,13%
21235,Whitley KY,29%,22%,15%
21237,Wolfe KY,28%,22%,15%
21239,Woodford KY,23%,18%,11%
22001,Acadia Parish LA,26%,19%,11%
22003,Allen Parish LA,27%,20%,12%
22005,Ascension Parish LA,23%,17%,10%
22007,Assumption Parish LA,28%,20%,13%
22009,Avoyelles Parish LA,30%,22%,14%
22011,Beauregard Parish LA,27%,20%,12%
22013,Bienville Parish LA,27%,19%,12%
22015,Bossier Parish LA,25%,17%,11%
22017,Caddo Parish LA,25%,17%,10%
22019,Calcasieu Parish LA,26%,19%,12%
22021,Caldwell Parish LA,29%,20%,13%
22023,Cameron Parish LA,25%,18%,11%
22025,Catahoula Parish LA,30%,22%,14%
22027,Claiborne Parish LA,27%,19%,12%
22029,Concordia Parish LA,30%,22%,14%
22031,De Soto Parish LA,27%,19%,12%
22033,East Baton Rouge Parish LA,22%,15%,9%
22035,East Carroll Parish LA,29%,20%,13%
22037,East Feliciana Parish LA,26%,19%,12%
22039,Evangeline Parish LA,27%,19%,12%
22041,Franklin Parish LA,29%,20%,13%
22043,Grant Parish LA,30%,22%,14%
22045,Iberia Parish LA,27%,19%,11%
22047,Iberville Parish LA,26%,19%,12%
22049,Jackson Parish LA,29%,20%,13%
22051,Jefferson Parish LA,22%,16%,9%
22053,Jefferson Davis Parish LA,25%,18%,11%
22055,Lafayette Parish LA,23%,16%,10%
22057,Lafourche Parish LA,28%,20%,13%
22059,La Salle Parish LA,30%,22%,14%
22061,Lincoln Parish LA,27%,19%,12%
22063,Livingston Parish LA,27%,20%,12%
22065,Madison Parish LA,29%,20%,13%
22067,Morehouse Parish LA,29%,20%,13%
22069,Natchitoches Parish LA,27%,19%,12%
22071,Orleans Parish LA,22%,15%,9%
22073,Ouachita Parish LA,25%,18%,11%
22075,Plaquemines Parish LA,26%,18%,11%
22077,Pointe Coupee Parish LA,26%,19%,12%
22079,Rapides Parish LA,28%,20%,12%
22081,Red River Parish LA,27%,19%,12%
22083,Richland Parish LA,29%,20%,13%
22085,Sabine Parish LA,27%,19%,12%
22087,St. Bernard Parish LA,26%,18%,11%
22089,St. Charles Parish LA,24%,17%,10%
22091,St. Helena Parish LA,27%,20%,12%
22093,St. James Parish LA,24%,17%,10%
22095,St. John the Baptist Parish LA,24%,17%,10%
22097,St. Landry Parish LA,27%,19%,12%
22099,St. Martin Parish LA,27%,19%,11%
22101,St. Mary Parish LA,27%,19%,11%
22103,St. Tammany Parish LA,22%,16%,10%
22105,Tangipahoa Parish LA,27%,19%,12%
22107,Tensas Parish LA,29%,20%,13%
22109,Terrebonne Parish LA,26%,19%,12%
22111,Union Parish LA,29%,20%,13%
22113,Vermilion Parish LA,26%,19%,11%
22115,Vernon Parish LA,28%,20%,12%
22117,Washington Parish LA,27%,19%,12%
22119,Webster Parish LA,25%,17%,11%
22121,West Baton Rouge Parish LA,26%,19%,12%
22123,West Carroll Parish LA,29%,20%,13%
22125,West Feliciana Parish LA,26%,19%,12%
22127,Winn Parish LA,30%,22%,14%
23001,Androscoggin ME,13%,9%,7%
23003,Aroostook ME,14%,10%,8%
23005,Cumberland ME,11%,8%,6%
23007,Franklin ME,14%,10%,9%
23009,Hancock ME,13%,9%,8%
23011,Kennebec ME,13%,10%,8%
23013,Knox ME,13%,9%,8%
23015,Lincoln ME,13%,9%,8%
23017,Oxford ME,14%,10%,9%
23019,Penobscot ME,14%,10%,8%
23021,Piscataquis ME,14%,10%,9%
23023,Sagadahoc ME,11%,8%,7%
23025,Somerset ME,14%,10%,9%
23027,Waldo ME,13%,9%,8%
23029,Washington ME,14%,10%,8%
23031,York ME,11%,8%,7%
24001,Allegany MD,14%,10%,5%
24003,Anne Arundel MD,10%,7%,4%
24005,Baltimore MD,10%,7%,4%
24009,Calvert MD,11%,8%,4%
24011,Caroline MD,11%,8%,4%
24013,Carroll MD,10%,7%,4%
24015,Cecil MD,12%,8%,4%
24017,Charles MD,10%,7%,4%
24019,Dorchester MD,11%,8%,4%
24021,Frederick MD,9%,7%,4%
24023,Garrett MD,14%,10%,5%
24025,Harford MD,10%,7%,4%
24027,Howard MD,7%,5%,2%
24029,Kent MD,11%,8%,4%
24031,Montgomery MD,8%,5%,3%
24033,Prince Georges MD,10%,7%,4%
24035,Queen Annes MD,11%,8%,4%
24037,St. Marys MD,11%,8%,4%
24039,Somerset MD,13%,9%,5%
24041,Talbot MD,11%,8%,4%
24043,Washington MD,13%,9%,5%
24045,Wicomico MD,13%,9%,5%
24047,Worcester MD,13%,9%,5%
24510,Baltimore city MD,13%,8%,4%
25001,Barnstable MA,6%,4%,3%
25003,Berkshire MA,8%,5%,4%
25005,Bristol MA,9%,6%,4%
25007,Dukes MA,6%,4%,3%
25009,Essex MA,7%,5%,3%
25011,Franklin MA,8%,5%,4%
25013,Hampden MA,8%,5%,4%
25015,Hampshire MA,7%,5%,3%
25017,Middlesex MA,6%,4%,3%
25019,Nantucket MA,6%,4%,3%
25021,Norfolk MA,6%,4%,3%
25023,Plymouth MA,7%,5%,4%
25025,Suffolk MA,7%,4%,3%
25027,Worcester MA,7%,5%,4%
26001,Alcona MI,17%,10%,6%
26003,Alger MI,19%,11%,7%
26005,Allegan MI,18%,11%,7%
26007,Alpena MI,17%,10%,6%
26009,Antrim MI,18%,10%,6%
26011,Arenac MI,18%,10%,6%
26013,Baraga MI,17%,9%,6%
26015,Barry MI,17%,10%,6%
26017,Bay MI,16%,9%,6%
26019,Benzie MI,15%,9%,5%
26021,Berrien MI,17%,9%,6%
26023,Branch MI,19%,11%,7%
26025,Calhoun MI,17%,10%,6%
26027,Cass MI,17%,10%,6%
26029,Charlevoix MI,18%,10%,6%
26031,Cheboygan MI,17%,10%,6%
26033,Chippewa MI,19%,11%,7%
26035,Clare MI,20%,11%,7%
26037,Clinton MI,15%,8%,5%
26039,Crawford MI,17%,10%,6%
26041,Delta MI,19%,11%,7%
26043,Dickinson MI,17%,9%,6%
26045,Eaton MI,15%,8%,5%
26047,Emmet MI,18%,10%,6%
26049,Genesee MI,20%,11%,7%
26051,Gladwin MI,18%,10%,6%
26053,Gogebic MI,17%,9%,6%
26055,Grand Traverse MI,15%,9%,5%
26057,Gratiot MI,20%,11%,7%
26059,Hillsdale MI,19%,11%,7%
26061,Houghton MI,17%,9%,6%
26063,Huron MI,19%,11%,7%
26065,Ingham MI,16%,9%,5%
26067,Ionia MI,20%,11%,7%
26069,Iosco MI,18%,10%,6%
26071,Iron MI,17%,9%,6%
26073,Isabella MI,20%,11%,7%
26075,Jackson MI,19%,11%,7%
26077,Kalamazoo MI,17%,10%,6%
26079,Kalkaska MI,18%,10%,6%
26081,Kent MI,16%,9%,5%
26083,Keweenaw MI,17%,9%,6%
26085,Lake MI,18%,10%,6%
26087,Lapeer MI,17%,10%,6%
26089,Leelanau MI,15%,9%,5%
26091,Lenawee MI,19%,11%,7%
26093,Livingston MI,14%,8%,5%
26095,Luce MI,19%,11%,7%
26097,Mackinac MI,19%,11%,7%
26099,Macomb MI,16%,9%,6%
26101,Manistee MI,15%,9%,5%
26103,Marquette MI,17%,9%,6%
26105,Mason MI,18%,10%,6%
26107,Mecosta MI,20%,11%,7%
26109,Menominee MI,19%,11%,7%
26111,Midland MI,16%,9%,6%
26113,Missaukee MI,18%,10%,6%
26115,Monroe MI,17%,10%,6%
26117,Montcalm MI,20%,11%,7%
26119,Montmorency MI,17%,10%,6%
26121,Muskegon MI,20%,11%,7%
26123,Newaygo MI,18%,10%,6%
26125,Oakland MI,13%,7%,4%
26127,Oceana MI,18%,10%,6%
26129,Ogemaw MI,18%,10%,6%
26131,Ontonagon MI,17%,9%,6%
26133,Osceola MI,20%,11%,7%
26135,Oscoda MI,17%,10%,6%
26137,Otsego MI,17%,10%,6%
26139,Ottawa MI,15%,8%,5%
26141,Presque Isle MI,17%,10%,6%
26143,Roscommon MI,18%,10%,6%
26145,Saginaw MI,17%,9%,6%
26147,St. Clair MI,16%,9%,6%
26149,St. Joseph MI,19%,11%,7%
26151,Sanilac MI,19%,11%,7%
26153,Schoolcraft MI,19%,11%,7%
26155,Shiawassee MI,17%,10%,6%
26157,Tuscola MI,19%,11%,7%
26159,Van Buren MI,17%,10%,6%
26161,Washtenaw MI,13%,7%,4%
26163,Wayne MI,19%,10%,6%
26165,Wexford MI,18%,10%,6%
27001,Aitkin MN,12%,8%,4%
27003,Anoka MN,11%,7%,4%
27005,Becker MN,14%,9%,5%
27007,Beltrami MN,14%,9%,5%
27009,Benton MN,13%,9%,5%
27011,Big Stone MN,11%,7%,4%
27013,Blue Earth MN,12%,7%,4%
27015,Brown MN,12%,8%,4%
27017,Carlton MN,12%,8%,4%
27019,Carver MN,9%,6%,3%
27021,Cass MN,12%,8%,4%
27023,Chippewa MN,12%,8%,4%
27025,Chisago MN,13%,9%,5%
27027,Clay MN,12%,8%,4%
27029,Clearwater MN,14%,9%,5%
27031,Cook MN,12%,8%,4%
27033,Cottonwood MN,12%,8%,4%
27035,Crow Wing MN,12%,8%,4%
27037,Dakota MN,10%,7%,4%
27039,Dodge MN,12%,8%,4%
27041,Douglas MN,11%,7%,4%
27043,Faribault MN,12%,8%,4%
27045,Fillmore MN,12%,8%,4%
27047,Freeborn MN,12%,8%,4%
27049,Goodhue MN,12%,8%,4%
27051,Grant MN,11%,7%,4%
27053,Hennepin MN,10%,6%,3%
27055,Houston MN,12%,8%,4%
27057,Hubbard MN,14%,9%,5%
27059,Isanti MN,13%,9%,5%
27061,Itasca MN,12%,8%,4%
27063,Jackson MN,12%,8%,4%
27065,Kanabec MN,13%,9%,5%
27067,Kandiyohi MN,12%,8%,4%
27069,Kittson MN,12%,8%,4%
27071,Koochiching MN,12%,8%,4%
27073,Lac qui Parle MN,12%,8%,4%
27075,Lake MN,12%,8%,4%
27077,Lake of the Woods MN,14%,9%,5%
27079,Le Sueur MN,12%,8%,4%
27081,Lincoln MN,12%,8%,4%
27083,Lyon MN,12%,8%,4%
27085,McLeod MN,12%,8%,4%
27087,Mahnomen MN,14%,9%,5%
27089,Marshall MN,12%,8%,4%
27091,Martin MN,12%,8%,4%
27093,Meeker MN,12%,8%,4%
27095,Mille Lacs MN,13%,9%,5%
27097,Morrison MN,12%,8%,4%
27099,Mower MN,12%,8%,4%
27101,Murray MN,12%,8%,4%
27103,Nicollet MN,12%,7%,4%
27105,Nobles MN,12%,8%,4%
27107,Norman MN,12%,8%,4%
27109,Olmsted MN,9%,6%,3%
27111,Otter Tail MN,11%,7%,4%
27113,Pennington MN,12%,8%,4%
27115,Pine MN,13%,9%,5%
27117,Pipestone MN,12%,8%,4%
27119,Polk MN,12%,8%,4%
27121,Pope MN,11%,7%,4%
27123,Ramsey MN,11%,7%,4%
27125,Red Lake MN,12%,8%,4%
27127,Redwood MN,12%,8%,4%
27129,Renville MN,12%,8%,4%
27131,Rice MN,12%,8%,4%
27133,Rock MN,12%,8%,4%
27135,Roseau MN,12%,8%,4%
27137,St. Louis MN,11%,7%,4%
27139,Scott MN,9%,6%,3%
27141,Sherburne MN,13%,9%,5%
27143,Sibley MN,12%,8%,4%
27145,Stearns MN,12%,8%,4%
27147,Steele MN,12%,8%,4%
27149,Stevens MN,11%,7%,4%
27151,Swift MN,11%,7%,4%
27153,Todd MN,12%,8%,4%
27155,Traverse MN,11%,7%,4%
27157,Wabasha MN,12%,8%,4%
27159,Wadena MN,12%,8%,4%
27161,Waseca MN,12%,7%,4%
27163,Washington MN,9%,6%,3%
27165,Watonwan MN,12%,8%,4%
27167,Wilkin MN,11%,7%,4%
27169,Winona MN,12%,8%,4%
27171,Wright MN,11%,8%,4%
27173,Yellow Medicine MN,12%,8%,4%
28001,Adams MS,28%,18%,12%
28003,Alcorn MS,30%,20%,14%
28005,Amite MS,28%,18%,12%
28007,Attala MS,31%,19%,13%
28009,Benton MS,30%,20%,14%
28011,Bolivar MS,31%,19%,13%
28013,Calhoun MS,28%,18%,12%
28015,Carroll MS,31%,19%,13%
28017,Chickasaw MS,28%,18%,12%
28019,Choctaw MS,28%,17%,11%
28021,Claiborne MS,28%,18%,12%
28023,Clarke MS,29%,18%,13%
28025,Clay MS,28%,17%,11%
28027,Coahoma MS,30%,19%,13%
28029,Copiah MS,27%,17%,11%
28031,Covington MS,30%,19%,13%
28033,DeSoto MS,26%,17%,11%
28035,Forrest MS,29%,18%,13%
28037,Franklin MS,28%,18%,12%
28039,George MS,29%,19%,13%
28041,Greene MS,30%,19%,13%
28043,Grenada MS,31%,19%,13%
28045,Hancock MS,29%,19%,13%
28047,Harrison MS,29%,18%,12%
28049,Hinds MS,27%,16%,11%
28051,Holmes MS,31%,19%,13%
28053,Humphreys MS,31%,19%,13%
28055,Issaquena MS,31%,19%,13%
28057,Itawamba MS,28%,18%,12%
28059,Jackson MS,27%,17%,12%
28061,Jasper MS,30%,19%,13%
28063,Jefferson MS,28%,18%,12%
28065,Jefferson Davis MS,30%,19%,13%
28067,Jones MS,30%,19%,13%
28069,Kemper MS,30%,19%,13%
28071,Lafayette MS,28%,18%,12%
28073,Lamar MS,29%,18%,13%
28075,Lauderdale MS,29%,18%,13%
28077,Lawrence MS,28%,18%,12%
28079,Leake MS,30%,19%,13%
28081,Lee MS,28%,18%,13%
28083,Leflore MS,31%,19%,13%
28085,Lincoln MS,28%,18%,12%
28087,Lowndes MS,28%,17%,11%
28089,Madison MS,26%,16%,11%
28091,Marion MS,29%,18%,13%
28093,Marshall MS,30%,20%,14%
28095,Monroe MS,28%,18%,12%
28097,Montgomery MS,31%,19%,13%
28099,Neshoba MS,30%,19%,13%
28101,Newton MS,29%,18%,13%
28103,Noxubee MS,28%,17%,11%
28105,Oktibbeha MS,28%,17%,11%
28107,Panola MS,30%,19%,13%
28109,Pearl River MS,29%,19%,13%
28111,Perry MS,29%,18%,13%
28113,Pike MS,28%,18%,12%
28115,Pontotoc MS,28%,18%,13%
28117,Prentiss MS,30%,20%,14%
28119,Quitman MS,30%,19%,13%
28121,Rankin MS,27%,18%,12%
28123,Scott MS,30%,19%,13%
28125,Sharkey MS,31%,19%,13%
28127,Simpson MS,27%,18%,12%
28129,Smith MS,30%,19%,13%
28131,Stone MS,29%,19%,13%
28133,Sunflower MS,31%,19%,13%
28135,Tallahatchie MS,30%,19%,13%
28137,Tate MS,30%,19%,13%
28139,Tippah MS,30%,20%,14%
28141,Tishomingo MS,30%,20%,14%
28143,Tunica MS,30%,19%,13%
28145,Union MS,28%,18%,13%
28147,Walthall MS,28%,18%,12%
28149,Warren MS,27%,17%,11%
28151,Washington MS,31%,19%,13%
28153,Wayne MS,30%,19%,13%
28155,Webster MS,28%,17%,11%
28157,Wilkinson MS,28%,18%,12%
28159,Winston MS,28%,17%,11%
28161,Yalobusha MS,31%,19%,13%
28163,Yazoo MS,26%,17%,11%
29001,Adair MO,21%,15%,9%
29003,Andrew MO,21%,15%,9%
29005,Atchison MO,21%,15%,9%
29007,Audrain MO,21%,15%,9%
29009,Barry MO,20%,14%,9%
29011,Barton MO,22%,16%,10%
29013,Bates MO,19%,14%,8%
29015,Benton MO,22%,16%,9%
29017,Bollinger MO,20%,14%,9%
29019,Boone MO,17%,12%,7%
29021,Buchanan MO,21%,15%,9%
29023,Butler MO,23%,17%,10%
29025,Caldwell MO,20%,14%,9%
29027,Callaway MO,19%,14%,8%
29029,Camden MO,22%,15%,9%
29031,Cape Girardeau MO,20%,14%,9%
29033,Carroll MO,21%,15%,9%
29035,Carter MO,23%,17%,10%
29037,Cass MO,19%,14%,8%
29039,Cedar MO,22%,16%,10%
29041,Chariton MO,21%,15%,9%
29043,Christian MO,19%,14%,9%
29045,Clark MO,21%,15%,9%
29047,Clay MO,17%,13%,7%
29049,Clinton MO,20%,14%,9%
29051,Cole MO,19%,14%,8%
29053,Cooper MO,21%,15%,9%
29055,Crawford MO,19%,14%,8%
29057,Dade MO,22%,16%,10%
29059,Dallas MO,22%,16%,9%
29061,Daviess MO,21%,15%,9%
29063,DeKalb MO,21%,15%,9%
29065,Dent MO,19%,14%,8%
29067,Douglas MO,23%,16%,10%
29069,Dunklin MO,24%,17%,10%
29071,Franklin MO,20%,15%,9%
29073,Gasconade MO,19%,14%,8%
29075,Gentry MO,21%,15%,9%
29077,Greene MO,20%,14%,9%
29079,Grundy MO,21%,15%,9%
29081,Harrison MO,21%,15%,9%
29083,Henry MO,22%,16%,10%
29085,Hickory MO,22%,16%,9%
29087,Holt MO,21%,15%,9%
29089,Howard MO,21%,15%,9%
29091,Howell MO,23%,16%,10%
29093,Iron MO,23%,17%,10%
29095,Jackson MO,18%,13%,8%
29097,Jasper MO,22%,16%,9%
29099,Jefferson MO,20%,14%,8%
29101,Johnson MO,20%,14%,9%
29103,Knox MO,21%,15%,9%
29105,Laclede MO,22%,16%,9%
29107,Lafayette MO,20%,14%,9%
29109,Lawrence MO,22%,16%,10%
29111,Lewis MO,21%,15%,9%
29113,Lincoln MO,21%,15%,9%
29115,Linn MO,21%,15%,9%
29117,Livingston MO,21%,15%,9%
29119,McDonald MO,20%,14%,9%
29121,Macon MO,21%,15%,9%
29123,Madison MO,23%,17%,10%
29125,Maries MO,19%,14%,8%
29127,Marion MO,21%,15%,9%
29129,Mercer MO,21%,15%,9%
29131,Miller MO,22%,15%,9%
29133,Mississippi MO,24%,17%,10%
29135,Moniteau MO,19%,14%,8%
29137,Monroe MO,21%,15%,9%
29139,Montgomery MO,21%,15%,9%
29141,Morgan MO,22%,15%,9%
29143,New Madrid MO,24%,17%,10%
29145,Newton MO,22%,16%,9%
29147,Nodaway MO,21%,15%,9%
29149,Oregon MO,23%,16%,10%
29151,Osage MO,19%,14%,8%
29153,Ozark MO,23%,16%,10%
29155,Pemiscot MO,24%,17%,10%
29157,Perry MO,23%,16%,10%
29159,Pettis MO,21%,15%,9%
29161,Phelps MO,19%,14%,8%
29163,Pike MO,21%,15%,9%
29165,Platte MO,17%,12%,7%
29167,Polk MO,22%,16%,9%
29169,Pulaski MO,22%,15%,9%
29171,Putnam MO,21%,15%,9%
29173,Ralls MO,21%,15%,9%
29175,Randolph MO,21%,15%,9%
29177,Ray MO,20%,14%,9%
29179,Reynolds MO,23%,17%,10%
29181,Ripley MO,23%,17%,10%
29183,St. Charles MO,15%,11%,6%
29185,St. Clair MO,22%,16%,10%
29186,Ste. Genevieve MO,23%,16%,10%
29187,St. Francois MO,23%,16%,10%
29189,St. Louis MO,15%,11%,6%
29195,Saline MO,21%,15%,9%
29197,Schuyler MO,21%,15%,9%
29199,Scotland MO,21%,15%,9%
29201,Scott MO,20%,14%,9%
29203,Shannon MO,23%,16%,10%
29205,Shelby MO,21%,15%,9%
29207,Stoddard MO,24%,17%,10%
29209,Stone MO,20%,14%,9%
29211,Sullivan MO,21%,15%,9%
29213,Taney MO,20%,14%,9%
29215,Texas MO,23%,16%,10%
29217,Vernon MO,22%,16%,10%
29219,Warren MO,21%,15%,9%
29221,Washington MO,23%,16%,10%
29223,Wayne MO,23%,17%,10%
29225,Webster MO,19%,14%,9%
29227,Worth MO,21%,15%,9%
29229,Wright MO,23%,16%,10%
29510,St. Louis city MO,18%,12%,7%
30001,Beaverhead MT,27%,23%,15%
30003,Big Horn MT,31%,26%,18%
30005,Blaine MT,32%,27%,18%
30007,Broadwater MT,27%,23%,15%
30009,Carbon MT,26%,22%,15%
30011,Carter MT,31%,26%,18%
30013,Cascade MT,32%,27%,18%
30015,Chouteau MT,32%,27%,18%
30017,Custer MT,31%,26%,18%
30019,Daniels MT,31%,26%,18%
30021,Dawson MT,31%,26%,18%
30023,Deer Lodge MT,27%,23%,15%
30025,Fallon MT,31%,26%,18%
30027,Fergus MT,32%,27%,18%
30029,Flathead MT,29%,25%,17%
30031,Gallatin MT,26%,22%,15%
30033,Garfield MT,31%,26%,18%
30035,Glacier MT,29%,25%,17%
30037,Golden Valley MT,31%,26%,18%
30039,Granite MT,27%,23%,15%
30041,Hill MT,32%,27%,18%
30043,Jefferson MT,27%,23%,15%
30045,Judith Basin MT,32%,27%,18%
30047,Lake MT,29%,24%,16%
30049,Lewis and Clark MT,27%,23%,15%
30051,Liberty MT,32%,27%,18%
30053,Lincoln MT,29%,25%,17%
30055,McCone MT,31%,26%,18%
30057,Madison MT,27%,23%,15%
30059,Meagher MT,32%,27%,18%
30061,Mineral MT,29%,24%,16%
30063,Missoula MT,29%,24%,16%
30065,Musselshell MT,31%,26%,18%
30067,Park MT,26%,22%,15%
30069,Petroleum MT,32%,27%,18%
30071,Phillips MT,31%,26%,18%
30073,Pondera MT,32%,27%,18%
30075,Powder River MT,31%,26%,18%
30077,Powell MT,27%,23%,15%
30079,Prairie MT,31%,26%,18%
30081,Ravalli MT,29%,24%,16%
30083,Richland MT,31%,26%,18%
30085,Roosevelt MT,31%,26%,18%
30087,Rosebud MT,31%,26%,18%
30089,Sanders MT,29%,24%,16%
30091,Sheridan MT,31%,26%,18%
30093,Silver Bow MT,27%,23%,15%
30095,Stillwater MT,26%,22%,15%
30097,Sweet Grass MT,26%,22%,15%
30099,Teton MT,32%,27%,18%
30101,Toole MT,32%,27%,18%
30103,Treasure MT,31%,26%,18%
30105,Valley MT,31%,26%,18%
30107,Wheatland MT,32%,27%,18%
30109,Wibaux MT,31%,26%,18%
30111,Yellowstone MT,30%,25%,17%
31001,Adams NE,13%,9%,5%
31003,Antelope NE,13%,8%,5%
31005,Arthur NE,13%,9%,5%
31007,Banner NE,13%,8%,5%
31009,Blaine NE,14%,9%,6%
31011,Boone NE,13%,8%,5%
31013,Box Butte NE,13%,8%,5%
31015,Boyd NE,13%,8%,5%
31017,Brown NE,13%,8%,5%
31019,Buffalo NE,13%,9%,5%
31021,Burt NE,13%,8%,5%
31023,Butler NE,14%,9%,6%
31025,Cass NE,13%,9%,5%
31027,Cedar NE,13%,8%,5%
31029,Chase NE,13%,9%,5%
31031,Cherry NE,13%,8%,5%
31033,Cheyenne NE,13%,8%,5%
31035,Clay NE,13%,9%,5%
31037,Colfax NE,13%,8%,5%
31039,Cuming NE,13%,8%,5%
31041,Custer NE,14%,9%,6%
31043,Dakota NE,13%,8%,5%
31045,Dawes NE,13%,8%,5%
31047,Dawson NE,13%,9%,5%
31049,Deuel NE,13%,8%,5%
31051,Dixon NE,13%,8%,5%
31053,Dodge NE,13%,9%,5%
31055,Douglas NE,13%,8%,5%
31057,Dundy NE,13%,9%,5%
31059,Fillmore NE,14%,9%,6%
31061,Franklin NE,13%,9%,5%
31063,Frontier NE,13%,9%,5%
31065,Furnas NE,13%,9%,5%
31067,Gage NE,14%,9%,6%
31069,Garden NE,13%,8%,5%
31071,Garfield NE,14%,9%,6%
31073,Gosper NE,13%,9%,5%
31075,Grant NE,13%,9%,5%
31077,Greeley NE,14%,9%,6%
31079,Hall NE,14%,9%,6%
31081,Hamilton NE,14%,9%,6%
31083,Harlan NE,13%,9%,5%
31085,Hayes NE,13%,9%,5%
31087,Hitchcock NE,13%,9%,5%
31089,Holt NE,13%,8%,5%
31091,Hooker NE,13%,9%,5%
31093,Howard NE,14%,9%,6%
31095,Jefferson NE,14%,9%,6%
31097,Johnson NE,14%,9%,6%
31099,Kearney NE,13%,9%,5%
31101,Keith NE,13%,9%,5%
31103,Keya Paha NE,13%,8%,5%
31105,Kimball NE,13%,8%,5%
31107,Knox NE,13%,8%,5%
31109,Lancaster NE,12%,8%,5%
31111,Lincoln NE,13%,9%,5%
31113,Logan NE,13%,9%,5%
31115,Loup NE,14%,9%,6%
31117,McPherson NE,13%,9%,5%
31119,Madison NE,13%,8%,5%
31121,Merrick NE,14%,9%,6%
31123,Morrill NE,13%,8%,5%
31125,Nance NE,13%,8%,5%
31127,Nemaha NE,14%,9%,6%
31129,Nuckolls NE,13%,9%,5%
31131,Otoe NE,14%,9%,6%
31133,Pawnee NE,14%,9%,6%
31135,Perkins NE,13%,9%,5%
31137,Phelps NE,13%,9%,5%
31139,Pierce NE,13%,8%,5%
31141,Platte NE,13%,8%,5%
31143,Polk NE,14%,9%,6%
31145,Red Willow NE,13%,9%,5%
31147,Richardson NE,14%,9%,6%
31149,Rock NE,13%,8%,5%
31151,Saline NE,14%,9%,6%
31153,Sarpy NE,12%,8%,5%
31155,Saunders NE,13%,9%,5%
31157,Scotts Bluff NE,13%,8%,5%
31159,Seward NE,14%,9%,6%
31161,Sheridan NE,13%,8%,5%
31163,Sherman NE,14%,9%,6%
31165,Sioux NE,13%,8%,5%
31167,Stanton NE,13%,8%,5%
31169,Thayer NE,14%,9%,6%
31171,Thomas NE,13%,9%,5%
31173,Thurston NE,13%,8%,5%
31175,Valley NE,14%,9%,6%
31177,Washington NE,13%,9%,5%
31179,Wayne NE,13%,8%,5%
31181,Webster NE,13%,9%,5%
31183,Wheeler NE,14%,9%,6%
31185,York NE,14%,9%,6%
32001,Churchill NV,22%,14%,8%
32003,Clark NV,20%,12%,6%
32005,Douglas NV,20%,12%,7%
32007,Elko NV,22%,14%,8%
32009,Esmeralda NV,22%,14%,8%
32011,Eureka NV,22%,14%,8%
32013,Humboldt NV,22%,14%,8%
32015,Lander NV,22%,14%,8%
32017,Lincoln NV,22%,14%,8%
32019,Lyon NV,20%,12%,7%
32021,Mineral NV,22%,14%,8%
32023,Nye NV,22%,14%,8%
32027,Pershing NV,22%,14%,8%
32029,Storey NV,20%,12%,7%
32031,Washoe NV,18%,11%,6%
32033,White Pine NV,22%,14%,8%
32510,Carson City NV,20%,12%,7%
33001,Belknap NH,13%,10%,7%
33003,Carroll NH,13%,10%,7%
33005,Cheshire NH,14%,11%,7%
33007,Coos NH,13%,11%,7%
33009,Grafton NH,13%,11%,7%
33011,Hillsborough NH,13%,10%,7%
33013,Merrimack NH,13%,10%,7%
33015,Rockingham NH,11%,9%,6%
33017,Strafford NH,13%,11%,7%
33019,Sullivan NH,14%,11%,7%
34001,Atlantic NJ,12%,5%,4%
34003,Bergen NJ,8%,4%,3%
34005,Burlington NJ,11%,5%,3%
34007,Camden NJ,12%,5%,4%
34009,Cape May NJ,12%,6%,4%
34011,Cumberland NJ,14%,6%,4%
34013,Essex NJ,12%,5%,4%
34015,Gloucester NJ,12%,5%,4%
34017,Hudson NJ,11%,5%,3%
34019,Hunterdon NJ,9%,4%,3%
34021,Mercer NJ,11%,5%,3%
34023,Middlesex NJ,9%,4%,3%
34025,Monmouth NJ,9%,4%,3%
34027,Morris NJ,8%,4%,3%
34029,Ocean NJ,12%,5%,4%
34031,Passaic NJ,12%,5%,4%
34033,Salem NJ,14%,6%,4%
34035,Somerset NJ,8%,4%,3%
34037,Sussex NJ,10%,5%,3%
34039,Union NJ,11%,5%,3%
34041,Warren NJ,11%,5%,3%
35001,Bernalillo NM,12%,7%,4%
35003,Catron NM,13%,7%,4%
35005,Chaves NM,15%,9%,5%
35006,Cibola NM,23%,14%,7%
35007,Colfax NM,15%,8%,4%
35009,Curry NM,15%,8%,4%
35011,DeBaca NM,15%,8%,4%
35013,Dona Ana NM,13%,7%,4%
35015,Eddy NM,14%,8%,4%
35017,Grant NM,13%,7%,4%
35019,Guadalupe NM,15%,8%,4%
35021,Harding NM,15%,8%,4%
35023,Hidalgo NM,13%,7%,4%
35025,Lea NM,14%,8%,4%
35027,Lincoln NM,15%,9%,5%
35028,Los Alamos NM,11%,6%,3%
35029,Luna NM,13%,7%,4%
35031,McKinley NM,23%,14%,7%
35033,Mora NM,11%,6%,3%
35035,Otero NM,15%,9%,5%
35037,Quay NM,15%,8%,4%
35039,Rio Arriba NM,11%,6%,3%
35041,Roosevelt NM,15%,8%,4%
35043,Sandoval NM,12%,7%,4%
35045,San Juan NM,17%,10%,5%
35047,San Miguel NM,11%,6%,3%
35049,Santa Fe NM,11%,6%,3%
35051,Sierra NM,13%,7%,4%
35053,Socorro NM,13%,7%,4%
35055,Taos NM,11%,6%,3%
35057,Torrance NM,13%,7%,4%
35059,Union NM,15%,8%,4%
35061,Valencia NM,12%,7%,4%
36001,Albany NY,11%,6%,4%
36003,Allegany NY,15%,8%,6%
36005,Bronx NY,14%,7%,5%
36007,Broome NY,14%,7%,5%
36009,Cattaraugus NY,15%,8%,6%
36011,Cayuga NY,14%,8%,5%
36013,Chautauqua NY,14%,8%,5%
36015,Chemung NY,14%,7%,5%
36017,Chenango NY,14%,8%,5%
36019,Clinton NY,16%,9%,6%
36021,Columbia NY,13%,7%,5%
36023,Cortland NY,14%,8%,5%
36025,Delaware NY,14%,8%,5%
36027,Dutchess NY,12%,6%,4%
36029,Erie NY,12%,6%,4%
36031,Essex NY,16%,9%,6%
36033,Franklin NY,16%,9%,6%
36035,Fulton NY,15%,8%,6%
36037,Genesee NY,16%,9%,6%
36039,Greene NY,13%,7%,5%
36041,Hamilton NY,16%,9%,6%
36043,Herkimer NY,14%,8%,5%
36045,Jefferson NY,17%,9%,6%
36047,Kings NY,12%,6%,4%
36049,Lewis NY,17%,9%,6%
36051,Livingston NY,14%,8%,5%
36053,Madison NY,14%,8%,5%
36055,Monroe NY,12%,6%,4%
36057,Montgomery NY,15%,8%,6%
36059,Nassau NY,9%,5%,3%
36061,New York NY,9%,5%,3%
36063,Niagara NY,13%,7%,5%
36065,Oneida NY,14%,7%,5%
36067,Onondaga NY,12%,7%,5%
36069,Ontario NY,12%,7%,5%
36071,Orange NY,13%,7%,5%
36073,Orleans NY,16%,9%,6%
36075,Oswego NY,15%,8%,6%
36077,Otsego NY,14%,7%,5%
36079,Putnam NY,10%,6%,4%
36081,Queens NY,10%,5%,4%
36083,Rensselaer NY,13%,7%,5%
36085,Richmond NY,11%,6%,4%
36087,Rockland NY,13%,7%,5%
36089,St. Lawrence NY,16%,9%,6%
36091,Saratoga NY,11%,6%,4%
36093,Schenectady NY,13%,7%,5%
36095,Schoharie NY,14%,7%,5%
36097,Schuyler NY,16%,8%,6%
36099,Seneca NY,14%,8%,5%
36101,Steuben NY,15%,8%,6%
36103,Suffolk NY,10%,6%,4%
36105,Sullivan NY,13%,7%,5%
36107,Tioga NY,14%,8%,5%
36109,Tompkins NY,11%,6%,4%
36111,Ulster NY,12%,7%,5%
36113,Warren NY,13%,7%,5%
36115,Washington NY,13%,7%,5%
36117,Wayne NY,14%,8%,5%
36119,Westchester NY,9%,5%,4%
36121,Wyoming NY,14%,8%,5%
36123,Yates NY,12%,7%,5%
37001,Alamance NC,20%,13%,10%
37003,Alexander NC,22%,15%,12%
37005,Alleghany NC,21%,14%,11%
37007,Anson NC,22%,15%,12%
37009,Ashe NC,20%,14%,11%
37011,Avery NC,20%,14%,11%
37013,Beaufort NC,18%,13%,10%
37015,Bertie NC,19%,13%,10%
37017,Bladen NC,23%,15%,12%
37019,Brunswick NC,16%,11%,9%
37021,Buncombe NC,18%,12%,10%
37023,Burke NC,21%,14%,11%
37025,Cabarrus NC,18%,13%,10%
37027,Caldwell NC,22%,15%,12%
37029,Camden NC,20%,13%,10%
37031,Carteret NC,18%,13%,10%
37033,Caswell NC,22%,15%,12%
37035,Catawba NC,19%,13%,10%
37037,Chatham NC,17%,12%,9%
37039,Cherokee NC,20%,14%,11%
37041,Chowan NC,20%,13%,10%
37043,Clay NC,20%,14%,11%
37045,Cleveland NC,20%,14%,11%
37047,Columbus NC,23%,15%,12%
37049,Craven NC,20%,13%,11%
37051,Cumberland NC,23%,15%,11%
37053,Currituck NC,20%,13%,10%
37055,Dare NC,19%,13%,10%
37057,Davidson NC,21%,14%,11%
37059,Davie NC,20%,14%,11%
37061,Duplin NC,21%,14%,11%
37063,Durham NC,17%,11%,9%
37065,Edgecombe NC,21%,14%,11%
37067,Forsyth NC,19%,13%,10%
37069,Franklin NC,20%,13%,10%
37071,Gaston NC,21%,14%,11%
37073,Gates NC,20%,13%,10%
37075,Graham NC,20%,14%,10%
37077,Granville NC,22%,15%,12%
37079,Greene NC,22%,14%,11%
37081,Guilford NC,18%,12%,9%
37083,Halifax NC,22%,15%,11%
37085,Harnett NC,22%,15%,11%
37087,Haywood NC,20%,14%,10%
37089,Henderson NC,18%,12%,9%
37091,Hertford NC,22%,15%,11%
37093,Hoke NC,23%,15%,12%
37095,Hyde NC,19%,13%,10%
37097,Iredell NC,18%,13%,10%
37099,Jackson NC,20%,14%,11%
37101,Johnston NC,20%,13%,10%
37103,Jones NC,23%,15%,12%
37105,Lee NC,17%,12%,9%
37107,Lenoir NC,23%,15%,12%
37109,Lincoln NC,20%,14%,11%
37111,McDowell NC,21%,14%,11%
37113,Macon NC,20%,14%,11%
37115,Madison NC,20%,14%,10%
37117,Martin NC,19%,13%,10%
37119,Mecklenburg NC,17%,11%,8%
37121,Mitchell NC,20%,14%,11%
37123,Montgomery NC,18%,12%,9%
37125,Moore NC,18%,12%,9%
37127,Nash NC,21%,14%,11%
37129,New Hanover NC,18%,12%,9%
37131,Northampton NC,22%,15%,11%
37133,Onslow NC,25%,16%,12%
37135,Orange NC,14%,10%,7%
37137,Pamlico NC,18%,13%,10%
37139,Pasquotank NC,20%,13%,10%
37141,Pender NC,18%,12%,9%
37143,Perquimans NC,20%,13%,10%
37145,Person NC,22%,15%,12%
37147,Pitt NC,19%,13%,10%
37149,Polk NC,20%,13%,10%
37151,Randolph NC,22%,15%,12%
37153,Richmond NC,23%,15%,12%
37155,Robeson NC,26%,17%,13%
37157,Rockingham NC,21%,14%,11%
37159,Rowan NC,21%,15%,11%
37161,Rutherford NC,20%,13%,10%
37163,Sampson NC,21%,14%,11%
37165,Scotland NC,23%,15%,12%
37167,Stanly NC,19%,14%,10%
37169,Stokes NC,21%,14%,11%
37171,Surry NC,21%,14%,11%
37173,Swain NC,20%,14%,10%
37175,Transylvania NC,18%,12%,9%
37177,Tyrrell NC,19%,13%,10%
37179,Union NC,18%,12%,10%
37181,Vance NC,20%,13%,10%
37183,Wake NC,15%,10%,8%
37185,Warren NC,21%,14%,11%
37187,Washington NC,19%,13%,10%
37189,Watauga NC,20%,14%,11%
37191,Wayne NC,22%,14%,11%
37193,Wilkes NC,21%,14%,11%
37195,Wilson NC,22%,14%,11%
37197,Yadkin NC,20%,14%,11%
37199,Yancey NC,20%,14%,11%
38001,Adams ND,20%,14%,10%
38003,Barnes ND,19%,14%,10%
38005,Benson ND,19%,14%,10%
38007,Billings ND,20%,14%,10%
38009,Bottineau ND,19%,14%,10%
38011,Bowman ND,20%,14%,10%
38013,Burke ND,20%,14%,10%
38015,Burleigh ND,17%,12%,8%
38017,Cass ND,18%,12%,8%
38019,Cavalier ND,17%,12%,8%
38021,Dickey ND,19%,14%,10%
38023,Divide ND,20%,14%,10%
38025,Dunn ND,20%,14%,10%
38027,Eddy ND,19%,14%,10%
38029,Emmons ND,17%,12%,8%
38031,Foster ND,19%,14%,10%
38033,Golden Valley ND,20%,14%,10%
38035,Grand Forks ND,17%,12%,8%
38037,Grant ND,20%,14%,10%
38039,Griggs ND,17%,12%,8%
38041,Hettinger ND,20%,14%,10%
38043,Kidder ND,17%,12%,8%
38045,LaMoure ND,19%,14%,10%
38047,Logan ND,17%,12%,8%
38049,McHenry ND,20%,14%,10%
38051,McIntosh ND,17%,12%,8%
38053,McKenzie ND,20%,14%,10%
38055,McLean ND,20%,14%,10%
38057,Mercer ND,20%,14%,10%
38059,Morton ND,17%,12%,8%
38061,Mountrail ND,20%,14%,10%
38063,Nelson ND,19%,14%,10%
38065,Oliver ND,20%,14%,10%
38067,Pembina ND,17%,12%,8%
38069,Pierce ND,19%,14%,10%
38071,Ramsey ND,19%,14%,10%
38073,Ransom ND,19%,14%,10%
38075,Renville ND,20%,14%,10%
38077,Richland ND,19%,14%,10%
38079,Rolette ND,19%,14%,10%
38081,Sargent ND,19%,14%,10%
38083,Sheridan ND,19%,14%,10%
38085,Sioux ND,20%,14%,10%
38087,Slope ND,20%,14%,10%
38089,Stark ND,20%,14%,10%
38091,Steele ND,17%,12%,8%
38093,Stutsman ND,19%,14%,10%
38095,Towner ND,17%,12%,8%
38097,Traill ND,17%,12%,8%
38099,Walsh ND,17%,12%,8%
38101,Ward ND,20%,14%,10%
38103,Wells ND,19%,14%,10%
38105,Williams ND,20%,14%,10%
39001,Adams OH,24%,17%,10%
39003,Allen OH,22%,15%,9%
39005,Ashland OH,21%,15%,9%
39007,Ashtabula OH,23%,17%,10%
39009,Athens OH,21%,15%,9%
39011,Auglaize OH,18%,13%,8%
39013,Belmont OH,20%,14%,8%
39015,Brown OH,21%,16%,9%
39017,Butler OH,19%,13%,8%
39019,Carroll OH,19%,14%,8%
39021,Champaign OH,21%,15%,9%
39023,Clark OH,22%,15%,9%
39025,Clermont OH,18%,14%,8%
39027,Clinton OH,24%,17%,10%
39029,Columbiana OH,20%,14%,9%
39031,Coshocton OH,24%,18%,11%
39033,Crawford OH,21%,15%,9%
39035,Cuyahoga OH,18%,12%,7%
39037,Darke OH,20%,14%,9%
39039,Defiance OH,20%,14%,8%
39041,Delaware OH,14%,10%,6%
39043,Erie OH,18%,13%,8%
39045,Fairfield OH,18%,13%,8%
39047,Fayette OH,23%,17%,10%
39049,Franklin OH,18%,13%,7%
39051,Fulton OH,19%,13%,8%
39053,Gallia OH,21%,15%,9%
39055,Geauga OH,15%,12%,7%
39057,Greene OH,17%,12%,7%
39059,Guernsey OH,24%,18%,11%
39061,Hamilton OH,17%,12%,7%
39063,Hancock OH,18%,13%,8%
39065,Hardin OH,21%,15%,9%
39067,Harrison OH,22%,16%,10%
39069,Henry OH,20%,14%,8%
39071,Highland OH,24%,17%,10%
39073,Hocking OH,23%,17%,10%
39075,Holmes OH,24%,18%,11%
39077,Huron OH,21%,15%,9%
39079,Jackson OH,23%,17%,10%
39081,Jefferson OH,20%,14%,8%
39083,Knox OH,22%,16%,10%
39085,Lake OH,18%,13%,8%
39087,Lawrence OH,22%,16%,10%
39089,Licking OH,19%,14%,8%
39091,Logan OH,21%,15%,9%
39093,Lorain OH,18%,13%,8%
39095,Lucas OH,20%,14%,8%
39097,Madison OH,22%,16%,10%
39099,Mahoning OH,20%,14%,8%
39101,Marion OH,22%,16%,10%
39103,Medina OH,16%,12%,7%
39105,Meigs OH,21%,15%,9%
39107,Mercer OH,18%,13%,8%
39109,Miami OH,20%,14%,8%
39111,Monroe OH,20%,15%,9%
39113,Montgomery OH,19%,14%,8%
39115,Morgan OH,20%,15%,9%
39117,Morrow OH,22%,16%,10%
39119,Muskingum OH,23%,17%,10%
39121,Noble OH,20%,15%,9%
39123,Ottawa OH,17%,12%,7%
39125,Paulding OH,20%,14%,8%
39127,Perry OH,23%,17%,10%
39129,Pickaway OH,22%,16%,10%
39131,Pike OH,23%,17%,10%
39133,Portage OH,19%,13%,8%
39135,Preble OH,20%,14%,9%
39137,Putnam OH,18%,13%,8%
39139,Richland OH,21%,15%,9%
39141,Ross OH,23%,17%,10%
39143,Sandusky OH,18%,13%,8%
39145,Scioto OH,22%,16%,10%
39147,Seneca OH,21%,15%,9%
39149,Shelby OH,20%,14%,9%
39151,Stark OH,20%,14%,8%
39153,Summit OH,18%,13%,8%
39155,Trumbull OH,21%,15%,9%
39157,Tuscarawas OH,22%,16%,10%
39159,Union OH,22%,16%,10%
39161,Van Wert OH,18%,13%,8%
39163,Vinton OH,23%,17%,10%
39165,Warren OH,16%,12%,7%
39167,Washington OH,20%,15%,9%
39169,Wayne OH,21%,15%,10%
39171,Williams OH,20%,14%,8%
39173,Wood OH,18%,13%,7%
39175,Wyandot OH,21%,15%,9%
40001,Adair OK,29%,21%,15%
40003,Alfalfa OK,26%,20%,14%
40005,Atoka OK,27%,20%,14%
40007,Beaver OK,26%,20%,14%
40009,Beckham OK,24%,18%,12%
40011,Blaine OK,26%,20%,14%
40013,Bryan OK,27%,20%,14%
40015,Caddo OK,26%,20%,14%
40017,Canadian OK,24%,18%,13%
40019,Carter OK,27%,21%,15%
40021,Cherokee OK,29%,21%,15%
40023,Choctaw OK,27%,21%,14%
40025,Cimarron OK,26%,20%,14%
40027,Cleveland OK,22%,17%,11%
40029,Coal OK,27%,20%,14%
40031,Comanche OK,28%,20%,14%
40033,Cotton OK,26%,20%,14%
40035,Craig OK,26%,20%,14%
40037,Creek OK,24%,18%,13%
40039,Custer OK,24%,18%,12%
40041,Delaware OK,26%,20%,14%
40043,Dewey OK,26%,20%,14%
40045,Ellis OK,26%,20%,14%
40047,Garfield OK,24%,18%,13%
40049,Garvin OK,27%,21%,15%
40051,Grady OK,24%,19%,13%
40053,Grant OK,26%,20%,14%
40055,Greer OK,24%,18%,12%
40057,Harmon OK,24%,18%,12%
40059,Harper OK,26%,20%,14%
40061,Haskell OK,27%,21%,14%
40063,Hughes OK,25%,19%,13%
40065,Jackson OK,24%,18%,12%
40067,Jefferson OK,26%,20%,14%
40069,Johnston OK,27%,20%,14%
40071,Kay OK,24%,18%,13%
40073,Kingfisher OK,26%,20%,14%
40075,Kiowa OK,24%,18%,12%
40077,Latimer OK,27%,21%,14%
40079,Le Flore OK,27%,21%,14%
40081,Lincoln OK,25%,19%,13%
40083,Logan OK,25%,19%,13%
40085,Love OK,27%,21%,15%
40087,McClain OK,24%,19%,13%
40089,McCurtain OK,27%,21%,14%
40091,McIntosh OK,26%,20%,14%
40093,Major OK,26%,20%,14%
40095,Marshall OK,27%,20%,14%
40097,Mayes OK,26%,20%,14%
40099,Murray OK,27%,21%,15%
40101,Muskogee OK,26%,20%,14%
40103,Noble OK,24%,18%,13%
40105,Nowata OK,26%,20%,14%
40107,Okfuskee OK,25%,19%,13%
40109,Oklahoma OK,23%,17%,11%
40111,Okmulgee OK,26%,20%,14%
40113,Osage OK,24%,19%,13%
40115,Ottawa OK,26%,20%,14%
40117,Pawnee OK,25%,20%,14%
40119,Payne OK,25%,19%,13%
40121,Pittsburg OK,27%,21%,14%
40123,Pontotoc OK,27%,20%,14%
40125,Pottawatomie OK,25%,19%,13%
40127,Pushmataha OK,27%,21%,14%
40129,Roger Mills OK,24%,18%,12%
40131,Rogers OK,23%,18%,12%
40133,Seminole OK,25%,19%,13%
40135,Sequoyah OK,29%,21%,15%
40137,Stephens OK,26%,20%,14%
40139,Texas OK,26%,20%,14%
40141,Tillman OK,26%,20%,14%
40143,Tulsa OK,22%,17%,11%
40145,Wagoner OK,23%,18%,12%
40147,Washington OK,25%,20%,14%
40149,Washita OK,24%,18%,12%
40151,Woods OK,26%,20%,14%
40153,Woodward OK,26%,20%,14%
41001,Baker OR,15%,11%,9%
41003,Benton OR,13%,11%,8%
41005,Clackamas OR,12%,10%,7%
41007,Clatsop OR,14%,11%,9%
41009,Columbia OR,14%,11%,9%
41011,Coos OR,15%,12%,9%
41013,Crook OR,14%,11%,9%
41015,Curry OR,15%,12%,9%
41017,Deschutes OR,12%,10%,7%
41019,Douglas OR,15%,12%,9%
41021,Gilliam OR,14%,11%,9%
41023,Grant OR,14%,11%,9%
41025,Harney OR,16%,12%,9%
41027,Hood River OR,14%,11%,9%
41029,Jackson OR,14%,11%,9%
41031,Jefferson OR,14%,11%,9%
41033,Josephine OR,15%,12%,9%
41035,Klamath OR,16%,12%,9%
41037,Lake OR,16%,12%,9%
41039,Lane OR,14%,11%,8%
41041,Lincoln OR,14%,11%,9%
41043,Linn OR,13%,11%,8%
41045,Malheur OR,16%,12%,9%
41047,Marion OR,14%,11%,8%
41049,Morrow OR,14%,11%,9%
41051,Multnomah OR,12%,9%,7%
41053,Polk OR,13%,11%,8%
41055,Sherman OR,14%,11%,9%
41057,Tillamook OR,14%,11%,9%
41059,Umatilla OR,15%,11%,9%
41061,Union OR,15%,11%,9%
41063,Wallowa OR,15%,11%,9%
41065,Wasco OR,14%,11%,9%
41067,Washington OR,11%,9%,6%
41069,Wheeler OR,14%,11%,9%
41071,Yamhill OR,13%,11%,8%
42001,Adams PA,17%,12%,8%
42003,Allegheny PA,13%,9%,6%
42005,Armstrong PA,18%,13%,8%
42007,Beaver PA,15%,11%,7%
42009,Bedford PA,18%,13%,9%
42011,Berks PA,15%,11%,7%
42013,Blair PA,18%,13%,8%
42015,Bradford PA,17%,12%,8%
42017,Bucks PA,12%,9%,6%
42019,Butler PA,14%,10%,6%
42021,Cambria PA,17%,12%,8%
42023,Cameron PA,18%,13%,9%
42025,Carbon PA,15%,11%,7%
42027,Centre PA,16%,11%,7%
42029,Chester PA,12%,8%,6%
42031,Clarion PA,18%,13%,9%
42033,Clearfield PA,18%,13%,9%
42035,Clinton PA,18%,13%,8%
42037,Columbia PA,17%,12%,8%
42039,Crawford PA,18%,12%,8%
42041,Cumberland PA,15%,11%,7%
42043,Dauphin PA,15%,11%,7%
42045,Delaware PA,14%,10%,7%
42047,Elk PA,18%,13%,9%
42049,Erie PA,18%,12%,8%
42051,Fayette PA,20%,14%,9%
42053,Forest PA,18%,13%,9%
42055,Franklin PA,17%,12%,8%
42057,Fulton PA,18%,13%,9%
42059,Greene PA,17%,12%,8%
42061,Huntingdon PA,18%,13%,8%
42063,Indiana PA,18%,13%,8%
42065,Jefferson PA,18%,13%,9%
42067,Juniata PA,19%,14%,9%
42069,Lackawanna PA,17%,12%,8%
42071,Lancaster PA,16%,11%,8%
42073,Lawrence PA,17%,12%,8%
42075,Lebanon PA,17%,12%,8%
42077,Lehigh PA,16%,11%,7%
42079,Luzerne PA,17%,12%,8%
42081,Lycoming PA,18%,13%,8%
42083,Mc Kean PA,18%,13%,9%
42085,Mercer PA,17%,12%,8%
42087,Mifflin PA,19%,14%,9%
42089,Monroe PA,15%,11%,7%
42091,Montgomery PA,12%,9%,6%
42093,Montour PA,18%,12%,8%
42095,Northampton PA,14%,10%,6%
42097,Northumberland PA,18%,12%,8%
42099,Perry PA,17%,12%,8%
42101,Philadelphia PA,17%,11%,7%
42103,Pike PA,17%,12%,8%
42105,Potter PA,18%,13%,9%
42107,Schuylkill PA,18%,12%,8%
42109,Snyder PA,19%,14%,9%
42111,Somerset PA,18%,13%,9%
42113,Sullivan PA,17%,12%,8%
42115,Susquehanna PA,17%,12%,8%
42117,Tioga PA,17%,12%,8%
42119,Union PA,19%,14%,9%
42121,Venango PA,18%,13%,9%
42123,Warren PA,18%,12%,8%
42125,Washington PA,15%,11%,7%
42127,Wayne PA,17%,12%,8%
42129,Westmoreland PA,15%,11%,7%
42131,Wyoming PA,15%,10%,7%
42133,York PA,16%,11%,7%
44001,Bristol RI,8%,6%,5%
44003,Kent RI,9%,7%,5%
44005,Newport RI,8%,6%,5%
44007,Providence RI,10%,7%,5%
44009,Washington RI,8%,6%,5%
45001,Abbeville SC,22%,14%,8%
45003,Aiken SC,23%,15%,8%
45005,Allendale SC,24%,15%,8%
45007,Anderson SC,22%,15%,8%
45009,Bamberg SC,24%,15%,8%
45011,Barnwell SC,24%,15%,8%
45013,Beaufort SC,19%,12%,7%
45015,Berkeley SC,21%,13%,7%
45017,Calhoun SC,22%,14%,8%
45019,Charleston SC,19%,13%,7%
45021,Cherokee SC,24%,15%,9%
45023,Chester SC,24%,15%,9%
45025,Chesterfield SC,23%,15%,8%
45027,Clarendon SC,24%,15%,9%
45029,Colleton SC,24%,15%,8%
45031,Darlington SC,23%,14%,8%
45033,Dillon SC,23%,14%,8%
45035,Dorchester SC,22%,15%,8%
45037,Edgefield SC,23%,15%,8%
45039,Fairfield SC,19%,12%,7%
45041,Florence SC,23%,14%,8%
45043,Georgetown SC,23%,14%,8%
45045,Greenville SC,20%,14%,8%
45047,Greenwood SC,22%,14%,8%
45049,Hampton SC,24%,15%,8%
45051,Horry SC,22%,14%,8%
45053,Jasper SC,19%,12%,7%
45055,Kershaw SC,22%,14%,8%
45057,Lancaster SC,23%,15%,8%
45059,Laurens SC,22%,15%,8%
45061,Lee SC,24%,15%,9%
45063,Lexington SC,22%,14%,8%
45065,McCormick SC,22%,14%,8%
45067,Marion SC,23%,14%,8%
45069,Marlboro SC,23%,15%,8%
45071,Newberry SC,24%,15%,9%
45073,Oconee SC,22%,15%,8%
45075,Orangeburg SC,24%,15%,8%
45077,Pickens SC,22%,15%,8%
45079,Richland SC,21%,13%,7%
45081,Saluda SC,23%,15%,9%
45083,Spartanburg SC,22%,14%,8%
45085,Sumter SC,24%,15%,9%
45087,Union SC,24%,15%,9%
45089,Williamsburg SC,24%,15%,9%
45091,York SC,20%,13%,7%
46003,Aurora SD,15%,10%,8%
46005,Beadle SD,15%,10%,8%
46007,Bennett SD,21%,14%,10%
46009,Bon Homme SD,15%,10%,8%
46011,Brookings SD,15%,10%,8%
46013,Brown SD,15%,10%,7%
46015,Brule SD,15%,10%,8%
46017,Buffalo SD,21%,14%,10%
46019,Butte SD,15%,10%,8%
46021,Campbell SD,15%,10%,7%
46023,Charles Mix SD,21%,14%,10%
46025,Clark SD,15%,10%,7%
46027,Clay SD,15%,10%,7%
46029,Codington SD,15%,10%,7%
46031,Corson SD,21%,14%,10%
46033,Custer SD,15%,10%,8%
46035,Davison SD,15%,10%,8%
46037,Day SD,15%,10%,7%
46039,Deuel SD,15%,10%,7%
46041,Dewey SD,21%,14%,10%
46043,Douglas SD,15%,10%,8%
46045,Edmunds SD,15%,10%,7%
46047,Fall River SD,21%,14%,10%
46049,Faulk SD,15%,10%,7%
46051,Grant SD,15%,10%,7%
46053,Gregory SD,21%,14%,10%
46055,Haakon SD,21%,14%,10%
46057,Hamlin SD,15%,10%,7%
46059,Hand SD,15%,10%,8%
46061,Hanson SD,15%,10%,8%
46063,Harding SD,15%,10%,8%
46065,Hughes SD,21%,14%,10%
46067,Hutchinson SD,15%,10%,8%
46069,Hyde SD,21%,14%,10%
46071,Jackson SD,21%,14%,10%
46073,Jerauld SD,15%,10%,8%
46075,Jones SD,21%,14%,10%
46077,Kingsbury SD,15%,10%,8%
46079,Lake SD,15%,10%,8%
46081,Lawrence SD,15%,10%,8%
46083,Lincoln SD,14%,10%,7%
46085,Lyman SD,21%,14%,10%
46087,McCook SD,15%,10%,7%
46089,McPherson SD,15%,10%,7%
46091,Marshall SD,15%,10%,7%
46093,Meade SD,15%,10%,8%
46095,Mellette SD,21%,14%,10%
46097,Miner SD,15%,10%,8%
46099,Minnehaha SD,14%,10%,7%
46101,Moody SD,15%,10%,8%
46103,Pennington SD,15%,10%,8%
46105,Perkins SD,15%,10%,8%
46107,Potter SD,15%,10%,7%
46109,Roberts SD,15%,10%,7%
46111,Sanborn SD,15%,10%,8%
46113,Shannon SD (D),21%,14%,10%
46115,Spink SD,15%,10%,7%
46117,Stanley SD,21%,14%,10%
46119,Sully SD,21%,14%,10%
46121,Todd SD,21%,14%,10%
46123,Tripp SD,21%,14%,10%
46125,Turner SD,15%,10%,7%
46127,Union SD,15%,10%,7%
46129,Walworth SD,15%,10%,7%
46135,Yankton SD,15%,10%,7%
46137,Ziebach SD,21%,14%,10%
47001,Anderson TN,21%,14%,9%
47003,Bedford TN,20%,13%,8%
47005,Benton TN,21%,14%,9%
47007,Bledsoe TN,22%,15%,10%
47009,Blount TN,19%,13%,8%
47011,Bradley TN,21%,14%,9%
47013,Campbell TN,22%,15%,10%
47015,Cannon TN,23%,15%,10%
47017,Carroll TN,21%,14%,9%
47019,Carter TN,21%,14%,9%
47021,Cheatham TN,21%,14%,9%
47023,Chester TN,20%,13%,8%
47025,Claiborne TN,22%,15%,10%
47027,Clay TN,20%,13%,8%
47029,Cocke TN,22%,15%,10%
47031,Coffee TN,20%,14%,9%
47033,Crockett TN,21%,14%,9%
47035,Cumberland TN,21%,14%,9%
47037,Davidson TN,17%,11%,7%
47039,Decatur TN,22%,15%,9%
47041,DeKalb TN,23%,15%,10%
47043,Dickson TN,21%,14%,9%
47045,Dyer TN,21%,14%,9%
47047,Fayette TN,20%,13%,8%
47049,Fentress TN,21%,14%,9%
47051,Franklin TN,20%,14%,9%
47053,Gibson TN,21%,14%,9%
47055,Giles TN,22%,15%,9%
47057,Grainger TN,22%,15%,10%
47059,Greene TN,21%,14%,9%
47061,Grundy TN,22%,15%,10%
47063,Hamblen TN,22%,15%,10%
47065,Hamilton TN,17%,11%,7%
47067,Hancock TN,22%,15%,10%
47069,Hardeman TN,22%,15%,9%
47071,Hardin TN,22%,15%,9%
47073,Hawkins TN,21%,14%,9%
47075,Haywood TN,22%,15%,9%
47077,Henderson TN,22%,15%,9%
47079,Henry TN,21%,14%,9%
47081,Hickman TN,21%,14%,9%
47083,Houston TN,21%,14%,9%
47085,Humphreys TN,21%,14%,9%
47087,Jackson TN,20%,13%,8%
47089,Jefferson TN,21%,14%,9%
47091,Johnson TN,21%,14%,9%
47093,Knox TN,18%,12%,7%
47095,Lake TN,21%,14%,9%
47097,Lauderdale TN,20%,13%,8%
47099,Lawrence TN,22%,15%,9%
47101,Lewis TN,22%,15%,9%
47103,Lincoln TN,20%,14%,9%
47105,Loudon TN,19%,13%,8%
47107,McMinn TN,21%,14%,9%
47109,McNairy TN,22%,15%,9%
47111,Macon TN,23%,15%,10%
47113,Madison TN,20%,13%,8%
47115,Marion TN,22%,15%,10%
47117,Marshall TN,20%,13%,8%
47119,Maury TN,20%,13%,8%
47121,Meigs TN,22%,15%,10%
47123,Monroe TN,19%,13%,8%
47125,Montgomery TN,21%,13%,8%
47127,Moore TN,20%,14%,9%
47129,Morgan TN,22%,15%,10%
47131,Obion TN,21%,14%,9%
47133,Overton TN,20%,13%,8%
47135,Perry TN,22%,15%,9%
47137,Pickett TN,20%,13%,8%
47139,Polk TN,21%,14%,9%
47141,Putnam TN,20%,13%,8%
47143,Rhea TN,22%,15%,10%
47145,Roane TN,19%,13%,8%
47147,Robertson TN,21%,14%,9%
47149,Rutherford TN,18%,12%,7%
47151,Scott TN,22%,15%,10%
47153,Sequatchie TN,22%,15%,10%
47155,Sevier TN,21%,14%,9%
47157,Shelby TN,19%,12%,7%
47159,Smith TN,23%,15%,10%
47161,Stewart TN,21%,13%,8%
47163,Sullivan TN,20%,13%,8%
47165,Sumner TN,18%,12%,8%
47167,Tipton TN,20%,13%,8%
47169,Trousdale TN,23%,15%,10%
47171,Unicoi TN,21%,14%,9%
47173,Union TN,21%,14%,9%
47175,Van Buren TN,21%,14%,9%
47177,Warren TN,23%,15%,10%
47179,Washington TN,19%,13%,8%
47181,Wayne TN,22%,15%,9%
47183,Weakley TN,21%,14%,9%
47185,White TN,21%,14%,9%
47187,Williamson TN,12%,9%,5%
47189,Wilson TN,17%,12%,7%
48001,Anderson TX,21%,14%,9%
48003,Andrews TX,18%,12%,8%
48005,Angelina TX,19%,13%,8%
48007,Aransas TX,18%,12%,8%
48009,Archer TX,19%,13%,9%
48011,Armstrong TX,19%,12%,8%
48013,Atascosa TX,17%,11%,8%
48015,Austin TX,17%,11%,7%
48017,Bailey TX,18%,11%,8%
48019,Bandera TX,17%,11%,8%
48021,Bastrop TX,19%,12%,8%
48023,Baylor TX,19%,13%,9%
48025,Bee TX,18%,12%,8%
48027,Bell TX,20%,12%,8%
48029,Bexar TX,16%,10%,6%
48031,Blanco TX,15%,10%,7%
48033,Borden TX,19%,12%,8%
48035,Bosque TX,19%,12%,8%
48037,Bowie TX,21%,14%,9%
48039,Brazoria TX,16%,11%,7%
48041,Brazos TX,17%,11%,7%
48043,Brewster TX,18%,12%,8%
48045,Briscoe TX,19%,12%,8%
48047,Brooks TX,16%,10%,6%
48049,Brown TX,19%,13%,9%
48051,Burleson TX,19%,12%,8%
48053,Burnet TX,19%,13%,8%
48055,Caldwell TX,19%,12%,8%
48057,Calhoun TX,17%,11%,7%
48059,Callahan TX,19%,13%,9%
48061,Cameron TX,17%,11%,7%
48063,Camp TX,19%,13%,9%
48065,Carson TX,19%,12%,8%
48067,Cass TX,21%,14%,9%
48069,Castro TX,19%,12%,8%
48071,Chambers TX,20%,14%,9%
48073,Cherokee TX,19%,13%,9%
48075,Childress TX,19%,12%,8%
48077,Clay TX,19%,13%,9%
48079,Cochran TX,18%,11%,8%
48081,Coke TX,19%,12%,8%
48083,Coleman TX,19%,13%,9%
48085,Collin TX,12%,8%,5%
48087,Collingsworth TX,19%,12%,8%
48089,Colorado TX,17%,11%,7%
48091,Comal TX,14%,9%,6%
48093,Comanche TX,19%,13%,9%
48095,Concho TX,19%,12%,8%
48097,Cooke TX,19%,13%,9%
48099,Coryell TX,19%,13%,8%
48101,Cottle TX,19%,13%,9%
48103,Crane TX,18%,12%,8%
48105,Crockett TX,19%,12%,8%
48107,Crosby TX,18%,11%,8%
48109,Culberson TX,18%,12%,8%
48111,Dallam TX,19%,12%,8%
48113,Dallas TX,17%,11%,7%
48115,Dawson TX,19%,12%,8%
48117,Deaf Smith TX,19%,12%,8%
48119,Delta TX,19%,13%,9%
48121,Denton TX,14%,9%,6%
48123,DeWitt TX,17%,11%,8%
48125,Dickens TX,18%,11%,8%
48127,Dimmit TX,17%,11%,7%
48129,Donley TX,19%,12%,8%
48131,Duval TX,19%,11%,7%
48133,Eastland TX,19%,13%,9%
48135,Ector TX,17%,11%,7%
48137,Edwards TX,17%,11%,7%
48139,Ellis TX,17%,11%,8%
48141,El Paso TX,16%,10%,6%
48143,Erath TX,17%,11%,8%
48145,Falls TX,19%,12%,8%
48147,Fannin TX,19%,13%,9%
48149,Fayette TX,19%,12%,8%
48151,Fisher TX,19%,13%,9%
48153,Floyd TX,18%,11%,8%
48155,Foard TX,19%,13%,9%
48157,Fort Bend TX,12%,8%,5%
48159,Franklin TX,19%,13%,9%
48161,Freestone TX,19%,12%,8%
48163,Frio TX,17%,11%,8%
48165,Gaines TX,18%,12%,8%
48167,Galveston TX,16%,10%,7%
48169,Garza TX,18%,11%,8%
48171,Gillespie TX,15%,10%,7%
48173,Glasscock TX,19%,12%,8%
48175,Goliad TX,17%,11%,8%
48177,Gonzales TX,17%,11%,8%
48179,Gray TX,19%,12%,8%
48181,Grayson TX,19%,13%,9%
48183,Gregg TX,19%,13%,9%
48185,Grimes TX,19%,12%,8%
48187,Guadalupe TX,15%,10%,7%
48189,Hale TX,18%,11%,8%
48191,Hall TX,19%,12%,8%
48193,Hamilton TX,19%,13%,8%
48195,Hansford TX,19%,12%,8%
48197,Hardeman TX,19%,13%,9%
48199,Hardin TX,19%,13%,9%
48201,Harris TX,17%,11%,7%
48203,Harrison TX,19%,13%,9%
48205,Hartley TX,19%,12%,8%
48207,Haskell TX,19%,13%,9%
48209,Hays TX,16%,10%,7%
48211,Hemphill TX,19%,12%,8%
48213,Henderson TX,21%,14%,9%
48215,Hidalgo TX,17%,11%,7%
48217,Hill TX,19%,12%,8%
48219,Hockley TX,18%,11%,8%
48221,Hood TX,17%,11%,8%
48223,Hopkins TX,19%,13%,9%
48225,Houston TX,21%,14%,9%
48227,Howard TX,19%,12%,8%
48229,Hudspeth TX,18%,12%,8%
48231,Hunt TX,17%,11%,7%
48233,Hutchinson TX,19%,12%,8%
48235,Irion TX,19%,12%,8%
48237,Jack TX,19%,13%,9%
48239,Jackson TX,17%,11%,8%
48241,Jasper TX,22%,14%,10%
48243,Jeff Davis TX,18%,12%,8%
48245,Jefferson TX,19%,12%,8%
48247,Jim Hogg TX,19%,11%,7%
48249,Jim Wells TX,16%,10%,6%
48251,Johnson TX,20%,13%,9%
48253,Jones TX,19%,13%,9%
48255,Karnes TX,17%,11%,8%
48257,Kaufman TX,18%,12%,8%
48259,Kendall TX,15%,10%,7%
48261,Kenedy TX,16%,10%,6%
48263,Kent TX,19%,13%,9%
48265,Kerr TX,15%,10%,7%
48267,Kimble TX,19%,12%,8%
48269,King TX,18%,11%,8%
48271,Kinney TX,17%,11%,7%
48273,Kleberg TX,16%,10%,6%
48275,Knox TX,19%,13%,9%
48277,Lamar TX,19%,13%,9%
48279,Lamb TX,18%,11%,8%
48281,Lampasas TX,19%,13%,8%
48283,La Salle TX,17%,11%,7%
48285,Lavaca TX,17%,11%,8%
48287,Lee TX,19%,12%,8%
48289,Leon TX,19%,12%,8%
48291,Liberty TX,20%,14%,9%
48293,Limestone TX,19%,12%,8%
48295,Lipscomb TX,19%,12%,8%
48297,Live Oak TX,19%,11%,7%
48299,Llano TX,19%,13%,8%
48301,Loving TX,18%,12%,8%
48303,Lubbock TX,17%,11%,7%
48305,Lynn TX,18%,11%,8%
48307,McCulloch TX,19%,12%,8%
48309,McLennan TX,18%,11%,7%
48311,McMullen TX,19%,11%,7%
48313,Madison TX,19%,12%,8%
48315,Marion TX,19%,13%,9%
48317,Martin TX,19%,12%,8%
48319,Mason TX,19%,12%,8%
48321,Matagorda TX,17%,11%,7%
48323,Maverick TX,17%,11%,7%
48325,Medina TX,17%,11%,8%
48327,Menard TX,19%,12%,8%
48329,Midland TX,16%,10%,7%
48331,Milam TX,19%,12%,8%
48333,Mills TX,19%,13%,8%
48335,Mitchell TX,19%,13%,9%
48337,Montague TX,19%,13%,9%
48339,Montgomery TX,16%,11%,7%
48341,Moore TX,19%,12%,8%
48343,Morris TX,19%,13%,9%
48345,Motley TX,18%,11%,8%
48347,Nacogdoches TX,19%,13%,8%
48349,Navarro TX,19%,12%,8%
48351,Newton TX,22%,14%,10%
48353,Nolan TX,19%,13%,9%
48355,Nueces TX,16%,10%,6%
48357,Ochiltree TX,19%,12%,8%
48359,Oldham TX,19%,12%,8%
48361,Orange TX,19%,13%,9%
48363,Palo Pinto TX,17%,11%,8%
48365,Panola TX,19%,13%,9%
48367,Parker TX,17%,12%,8%
48369,Parmer TX,19%,12%,8%
48371,Pecos TX,18%,12%,8%
48373,Polk TX,21%,14%,9%
48375,Potter TX,20%,13%,9%
48377,Presidio TX,18%,12%,8%
48379,Rains TX,19%,13%,9%
48381,Randall TX,15%,10%,7%
48383,Reagan TX,19%,12%,8%
48385,Real TX,17%,11%,7%
48387,Red River TX,19%,13%,9%
48389,Reeves TX,18%,12%,8%
48391,Refugio TX,18%,12%,8%
48393,Roberts TX,19%,12%,8%
48395,Robertson TX,19%,12%,8%
48397,Rockwall TX,17%,11%,7%
48399,Runnels TX,19%,13%,9%
48401,Rusk TX,19%,13%,9%
48403,Sabine TX,22%,14%,10%
48405,San Augustine TX,22%,14%,10%
48407,San Jacinto TX,21%,14%,9%
48409,San Patricio TX,18%,12%,8%
48411,San Saba TX,19%,13%,8%
48413,Schleicher TX,19%,12%,8%
48415,Scurry TX,19%,13%,9%
48417,Shackelford TX,19%,13%,9%
48419,Shelby TX,22%,14%,10%
48421,Sherman TX,19%,12%,8%
48423,Smith TX,18%,12%,8%
48425,Somervell TX,17%,11%,8%
48427,Starr TX,19%,11%,7%
48429,Stephens TX,19%,13%,9%
48431,Sterling TX,19%,12%,8%
48433,Stonewall TX,19%,13%,9%
48435,Sutton TX,19%,12%,8%
48437,Swisher TX,19%,12%,8%
48439,Tarrant TX,16%,11%,7%
48441,Taylor TX,18%,12%,8%
48443,Terrell TX,18%,12%,8%
48445,Terry TX,18%,11%,8%
48447,Throckmorton TX,19%,13%,9%
48449,Titus TX,19%,13%,9%
48451,Tom Green TX,17%,11%,7%
48453,Travis TX,14%,9%,6%
48455,Trinity TX,21%,14%,9%
48457,Tyler TX,22%,14%,10%
48459,Upshur TX,19%,13%,9%
48461,Upton TX,19%,12%,8%
48463,Uvalde TX,17%,11%,7%
48465,Val Verde TX,17%,11%,7%
48467,Van Zandt TX,19%,13%,9%
48469,Victoria TX,17%,11%,7%
48471,Walker TX,21%,14%,9%
48473,Waller TX,17%,11%,7%
48475,Ward TX,18%,12%,8%
48477,Washington TX,19%,12%,8%
48479,Webb TX,17%,10%,7%
48481,Wharton TX,17%,11%,7%
48483,Wheeler TX,19%,12%,8%
48485,Wichita TX,20%,13%,9%
48487,Wilbarger TX,19%,13%,9%
48489,Willacy TX,16%,10%,6%
48491,Williamson TX,14%,9%,6%
48493,Wilson TX,17%,11%,8%
48495,Winkler TX,18%,12%,8%
48497,Wise TX,19%,13%,9%
48499,Wood TX,19%,13%,9%
48501,Yoakum TX,18%,11%,8%
48503,Young TX,19%,13%,9%
48505,Zapata TX,19%,11%,7%
48507,Zavala TX,17%,11%,7%
49001,Beaver UT,16%,12%,7%
49003,Box Elder UT,16%,12%,8%
49005,Cache UT,14%,10%,6%
49007,Carbon UT,18%,13%,8%
49009,Daggett UT,18%,13%,8%
49011,Davis UT,13%,10%,6%
49013,Duchesne UT,18%,13%,8%
49015,Emery UT,18%,13%,8%
49017,Garfield UT,16%,12%,7%
49019,Grand UT,18%,13%,8%
49021,Iron UT,16%,12%,7%
49023,Juab UT,16%,12%,7%
49025,Kane UT,16%,12%,7%
49027,Millard UT,16%,12%,7%
49029,Morgan UT,14%,10%,6%
49031,Piute UT,16%,12%,7%
49033,Rich UT,14%,10%,6%
49035,Salt Lake UT,14%,10%,6%
49037,San Juan UT,18%,13%,8%
49039,Sanpete UT,16%,12%,7%
49041,Sevier UT,16%,12%,7%
49043,Summit UT,14%,10%,6%
49045,Tooele UT,16%,12%,8%
49047,Uintah UT,18%,13%,8%
49049,Utah UT,15%,11%,7%
49051,Wasatch UT,18%,13%,8%
49053,Washington UT,14%,10%,6%
49055,Wayne UT,16%,12%,7%
49057,Weber UT,15%,11%,7%
50001,Addison VT,9%,4%,2%
50003,Bennington VT,9%,4%,2%
50005,Caledonia VT,9%,4%,2%
50007,Chittenden VT,9%,4%,2%
50009,Essex VT,9%,4%,2%
50011,Franklin VT,9%,4%,2%
50013,Grand Isle VT,9%,4%,2%
50015,Lamoille VT,9%,4%,2%
50017,Orange VT,9%,4%,2%
50019,Orleans VT,9%,4%,2%
50021,Rutland VT,9%,4%,2%
50023,Washington VT,9%,4%,2%
50025,Windham VT,9%,4%,2%
50027,Windsor VT,9%,4%,2%
51001,Accomack VA,12%,6%,4%
51003,Albemarle VA,11%,5%,4%
51005,Alleghany VA,11%,6%,4%
51007,Amelia VA,15%,7%,5%
51009,Amherst VA,12%,6%,4%
51011,Appomattox VA,12%,6%,4%
51013,Arlington VA,7%,4%,2%
51015,Augusta VA,14%,7%,5%
51017,Bath VA,14%,7%,5%
51019,Bedford VA (R),12%,6%,4%
51021,Bland VA,14%,7%,5%
51023,Botetourt VA,11%,6%,4%
51025,Brunswick VA,15%,7%,5%
51027,Buchanan VA,16%,8%,6%
51029,Buckingham VA,15%,7%,5%
51031,Campbell VA,14%,7%,5%
51033,Caroline VA,12%,6%,4%
51035,Carroll VA,14%,7%,5%
51036,Charles City VA,11%,6%,4%
51037,Charlotte VA,15%,7%,5%
51041,Chesterfield VA,11%,5%,4%
51043,Clarke VA,12%,6%,4%
51045,Craig VA,11%,6%,4%
51047,Culpeper VA,12%,6%,4%
51049,Cumberland VA,15%,7%,5%
51051,Dickenson VA,16%,8%,6%
51053,Dinwiddie VA,14%,7%,5%
51057,Essex VA,12%,6%,4%
51059,Fairfax VA,7%,4%,3%
51061,Fauquier VA,12%,6%,4%
51063,Floyd VA,13%,6%,4%
51065,Fluvanna VA,12%,6%,4%
51067,Franklin VA,11%,6%,4%
51069,Frederick VA,12%,6%,4%
51071,Giles VA,13%,6%,4%
51073,Gloucester VA,12%,6%,4%
51075,Goochland VA,11%,6%,4%
51077,Grayson VA,14%,7%,5%
51079,Greene VA,10%,5%,3%
51081,Greensville VA,14%,7%,5%
51083,Halifax VA,15%,7%,5%
51085,Hanover VA,11%,6%,4%
51087,Henrico VA,11%,5%,3%
51089,Henry VA,14%,7%,5%
51091,Highland VA,14%,7%,5%
51093,Isle of Wight VA,13%,6%,4%
51095,James City VA,10%,5%,3%
51097,King and Queen VA,12%,6%,4%
51099,King George VA,12%,6%,4%
51101,King William VA,11%,6%,4%
51103,Lancaster VA,12%,6%,4%
51105,Lee VA,16%,8%,6%
51107,Loudoun VA,7%,4%,3%
51109,Louisa VA,12%,6%,4%
51111,Lunenburg VA,15%,7%,5%
51113,Madison VA,12%,6%,4%
51115,Mathews VA,12%,6%,4%
51117,Mecklenburg VA,15%,7%,5%
51119,Middlesex VA,12%,6%,4%
51121,Montgomery VA,13%,6%,4%
51125,Nelson VA,12%,6%,4%
51127,New Kent VA,11%,6%,4%
51131,Northampton VA,12%,6%,4%
51133,Northumberland VA,12%,6%,4%
51135,Nottoway VA,15%,7%,5%
51137,Orange VA,12%,6%,4%
51139,Page VA,13%,7%,5%
51141,Patrick VA,14%,7%,5%
51143,Pittsylvania VA,14%,7%,5%
51145,Powhatan VA,11%,6%,4%
51147,Prince Edward VA,15%,7%,5%
51149,Prince George VA,14%,7%,5%
51153,Prince William VA,10%,5%,3%
51155,Pulaski VA,13%,6%,4%
51157,Rappahannock VA,12%,6%,4%
51159,Richmond VA,12%,6%,4%
51161,Roanoke VA,12%,6%,4%
51163,Rockbridge VA,14%,7%,5%
51165,Rockingham VA,13%,6%,4%
51167,Russell VA,16%,8%,6%
51169,Scott VA,16%,8%,6%
51171,Shenandoah VA,13%,7%,5%
51173,Smyth VA,14%,7%,5%
51175,Southampton VA,13%,6%,4%
51177,Spotsylvania VA,12%,6%,4%
51179,Stafford VA,12%,6%,4%
51181,Surry VA,14%,7%,5%
51183,Sussex VA,14%,7%,5%
51185,Tazewell VA,16%,8%,6%
51187,Warren VA,13%,7%,5%
51191,Washington VA,14%,7%,5%
51193,Westmoreland VA,12%,6%,4%
51195,Wise VA,16%,8%,6%
51197,Wythe VA,14%,7%,5%
51199,York VA,10%,5%,3%
51510,Alexandria city VA,9%,4%,3%
51515,Bedford city VA (D),12%,6%,4%
51520,Bristol city VA,14%,7%,5%
51530,Buena Vista city VA,14%,7%,5%
51540,Charlottesville city VA,10%,5%,3%
51550,Chesapeake city VA,13%,6%,4%
51570,Colonial Heights city VA,14%,7%,5%
51580,Covington city VA,11%,6%,4%
51590,Danville city VA,14%,7%,5%
51595,Emporia city VA,14%,7%,5%
51600,Fairfax city VA,8%,4%,3%
51610,Falls Church city VA,5%,3%,2%
51620,Franklin city VA,13%,6%,4%
51630,Fredericksburg city VA,12%,6%,4%
51640,Galax city VA,14%,7%,5%
51650,Hampton city VA,13%,6%,4%
51660,Harrisonburg city VA,13%,6%,4%
51670,Hopewell city VA,14%,7%,5%
51678,Lexington city VA,14%,7%,5%
51680,Lynchburg city VA,14%,7%,5%
51683,Manassas city VA,11%,6%,4%
51685,Manassas Park city VA,11%,6%,4%
51690,Martinsville city VA,14%,7%,5%
51700,Newport News city VA,15%,7%,5%
51710,Norfolk city VA,15%,7%,5%
51720,Norton city VA,16%,8%,6%
51730,Petersburg city VA,14%,7%,5%
51735,Poquoson city VA,10%,5%,3%
51740,Portsmouth city VA,14%,7%,4%
51750,Radford city VA,13%,6%,4%
51760,Richmond city VA,13%,6%,4%
51770,Roanoke city VA,14%,7%,4%
51775,Salem city VA,14%,7%,4%
51790,Staunton city VA,14%,7%,5%
51800,Suffolk city VA,13%,6%,4%
51810,Virginia Beach city VA,11%,5%,4%
51820,Waynesboro city VA,14%,7%,5%
51830,Williamsburg city VA,10%,5%,3%
51840,Winchester city VA,12%,6%,4%
53001,Adams WA,12%,7%,5%
53003,Asotin WA,12%,7%,5%
53005,Benton WA,12%,8%,5%
53007,Chelan WA,12%,8%,5%
53009,Clallam WA,11%,7%,5%
53011,Clark WA,12%,8%,6%
53013,Columbia WA,12%,7%,5%
53015,Cowlitz WA,13%,8%,6%
53017,Douglas WA,12%,8%,5%
53019,Ferry WA,14%,9%,7%
53021,Franklin WA,13%,8%,6%
53023,Garfield WA,12%,7%,5%
53025,Grant WA,14%,8%,6%
53027,Grays Harbor WA,13%,8%,6%
53029,Island WA,11%,7%,5%
53031,Jefferson WA,11%,7%,5%
53033,King WA,9%,6%,4%
53035,Kitsap WA,12%,7%,5%
53037,Kittitas WA,14%,8%,6%
53039,Klickitat WA,13%,9%,6%
53041,Lewis WA,13%,9%,6%
53043,Lincoln WA,12%,7%,5%
53045,Mason WA,13%,8%,6%
53047,Okanogan WA,14%,9%,7%
53049,Pacific WA,13%,8%,6%
53051,Pend Oreille WA,14%,9%,7%
53053,Pierce WA,12%,8%,6%
53055,San Juan WA,11%,7%,5%
53057,Skagit WA,11%,7%,5%
53059,Skamania WA,13%,9%,6%
53061,Snohomish WA,11%,7%,5%
53063,Spokane WA,13%,8%,6%
53065,Stevens WA,14%,9%,7%
53067,Thurston WA,12%,8%,5%
53069,Wahkiakum WA,13%,8%,6%
53071,Walla Walla WA,12%,8%,6%
53073,Whatcom WA,12%,7%,5%
53075,Whitman WA,12%,7%,5%
53077,Yakima WA,13%,8%,6%
54001,Barbour WV,16%,10%,8%
54003,Berkeley WV,14%,9%,7%
54005,Boone WV,16%,10%,8%
54007,Braxton WV,17%,11%,8%
54009,Brooke WV,14%,9%,7%
54011,Cabell WV,16%,10%,8%
54013,Calhoun WV,17%,11%,8%
54015,Clay WV,15%,10%,7%
54017,Doddridge WV,15%,10%,8%
54019,Fayette WV,16%,10%,8%
54021,Gilmer WV,17%,11%,8%
54023,Grant WV,16%,10%,8%
54025,Greenbrier WV,16%,10%,8%
54027,Hampshire WV,14%,9%,7%
54029,Hancock WV,14%,9%,7%
54031,Hardy WV,16%,10%,8%
54033,Harrison WV,15%,10%,8%
54035,Jackson WV,17%,11%,8%
54037,Jefferson WV,14%,9%,7%
54039,Kanawha WV,15%,10%,7%
54041,Lewis WV,16%,10%,8%
54043,Lincoln WV,16%,10%,8%
54045,Logan WV,18%,12%,9%
54047,McDowell WV,18%,12%,9%
54049,Marion WV,15%,10%,8%
54051,Marshall WV,14%,9%,7%
54053,Mason WV,16%,10%,8%
54055,Mercer WV,16%,10%,8%
54057,Mineral WV,14%,9%,7%
54059,Mingo WV,18%,12%,9%
54061,Monongalia WV,14%,9%,7%
54063,Monroe WV,16%,10%,8%
54065,Morgan WV,14%,9%,7%
54067,Nicholas WV,16%,10%,8%
54069,Ohio WV,14%,9%,7%
54071,Pendleton WV,16%,10%,8%
54073,Pleasants WV,15%,10%,7%
54075,Pocahontas WV,16%,10%,8%
54077,Preston WV,14%,9%,7%
54079,Putnam WV,16%,10%,8%
54081,Raleigh WV,16%,10%,8%
54083,Randolph WV,16%,10%,8%
54085,Ritchie WV,17%,11%,8%
54087,Roane WV,17%,11%,8%
54089,Summers WV,16%,10%,8%
54091,Taylor WV,15%,10%,8%
54093,Tucker WV,16%,10%,8%
54095,Tyler WV,17%,11%,8%
54097,Upshur WV,16%,10%,8%
54099,Wayne WV,16%,10%,8%
54101,Webster WV,16%,10%,8%
54103,Wetzel WV,17%,11%,8%
54105,Wirt WV,15%,10%,7%
54107,Wood WV,15%,10%,7%
54109,Wyoming WV,18%,12%,9%
55001,Adams WI,20%,15%,9%
55003,Ashland WI,20%,15%,9%
55005,Barron WI,22%,16%,10%
55007,Bayfield WI,20%,15%,9%
55009,Brown WI,20%,15%,9%
55011,Buffalo WI,21%,16%,10%
55013,Burnett WI,20%,15%,9%
55015,Calumet WI,20%,15%,9%
55017,Chippewa WI,20%,15%,9%
55019,Clark WI,22%,16%,10%
55021,Columbia WI,20%,15%,9%
55023,Crawford WI,21%,16%,10%
55025,Dane WI,16%,12%,7%
55027,Dodge WI,20%,16%,9%
55029,Door WI,20%,15%,9%
55031,Douglas WI,20%,15%,9%
55033,Dunn WI,19%,14%,9%
55035,Eau Claire WI,20%,15%,9%
55037,Florence WI,20%,15%,9%
55039,Fond du Lac WI,20%,15%,9%
55041,Forest WI,20%,15%,9%
55043,Grant WI,21%,16%,9%
55045,Green WI,21%,16%,9%
55047,Green Lake WI,21%,16%,10%
55049,Iowa WI,21%,16%,9%
55051,Iron WI,20%,15%,9%
55053,Jackson WI,21%,16%,10%
55055,Jefferson WI,20%,16%,9%
55057,Juneau WI,20%,15%,9%
55059,Kenosha WI,20%,15%,9%
55061,Kewaunee WI,20%,15%,9%
55063,La Crosse WI,20%,15%,9%
55065,Lafayette WI,21%,16%,9%
55067,Langlade WI,20%,15%,9%
55069,Lincoln WI,20%,15%,9%
55071,Manitowoc WI,20%,15%,9%
55073,Marathon WI,19%,14%,8%
55075,Marinette WI,20%,15%,9%
55077,Marquette WI,21%,16%,10%
55078,Menominee WI,21%,16%,10%
55079,Milwaukee WI,21%,15%,9%
55081,Monroe WI,21%,16%,10%
55083,Oconto WI,20%,15%,9%
55085,Oneida WI,20%,15%,9%
55087,Outagamie WI,20%,15%,9%
55089,Ozaukee WI,17%,13%,8%
55091,Pepin WI,21%,16%,10%
55093,Pierce WI,21%,16%,10%
55095,Polk WI,22%,16%,10%
55097,Portage WI,20%,15%,9%
55099,Price WI,20%,15%,9%
55101,Racine WI,22%,16%,10%
55103,Richland WI,21%,16%,9%
55105,Rock WI,21%,15%,9%
55107,Rusk WI,20%,15%,9%
55109,St. Croix WI,19%,14%,9%
55111,Sauk WI,20%,15%,9%
55113,Sawyer WI,20%,15%,9%
55115,Shawano WI,21%,16%,10%
55117,Sheboygan WI,20%,15%,9%
55119,Taylor WI,20%,15%,9%
55121,Trempealeau WI,21%,16%,10%
55123,Vernon WI,21%,16%,10%
55125,Vilas WI,20%,15%,9%
55127,Walworth WI,19%,15%,9%
55129,Washburn WI,20%,15%,9%
55131,Washington WI,17%,13%,8%
55133,Waukesha WI,15%,12%,7%
55135,Waupaca WI,21%,16%,10%
55137,Waushara WI,21%,16%,10%
55139,Winnebago WI,21%,16%,9%
55141,Wood WI,20%,15%,9%
56001,Albany WY,27%,19%,14%
56003,Big Horn WY,27%,21%,15%
56005,Campbell WY,29%,23%,17%
56007,Carbon WY,29%,23%,16%
56009,Converse WY,29%,23%,16%
56011,Crook WY,29%,23%,17%
56013,Fremont WY,28%,22%,16%
56015,Goshen WY,29%,23%,17%
56017,Hot Springs WY,28%,22%,16%
56019,Johnson WY,29%,23%,17%
56021,Laramie WY,27%,19%,14%
56023,Lincoln WY,27%,21%,15%
56025,Natrona WY,29%,23%,16%
56027,Niobrara WY,29%,23%,17%
56029,Park WY,27%,21%,15%
56031,Platte WY,29%,23%,17%
56033,Sheridan WY,27%,21%,15%
56035,Sublette WY,28%,22%,16%
56037,Sweetwater WY,28%,22%,16%
56039,Teton WY,27%,21%,15%
56041,Uinta WY,28%,22%,16%
56043,Washakie WY,29%,23%,17%
56045,Weston WY,29%,23%,17%
